fecha,farmacia,principio_activo,concentracion,producto,marca,presentacion,unidades,precio,precio_lista,precio_unidad,url,imagen
2026-10-08,Locatel,ACETAMINOFEN,100 MG,Dolex Niños 100mg X 20 Tabletas Masticables,Dolex,CAJA X 20 TABLETAS,20,20750,20750,1037.5,https://www.locatelcolombia.com/7451079000874-dolex-ninos-100mg-x-20-tabletas-masticables/p,https://locatelcolombia.vteximg.com.br/arquivos/ids/412901-300-300/7451079000874_1_Dolex Ninos 100mg X 20 Tabletas Masticables.jpg
2026-10-08,La Rebaja,ACETAMINOFEN,500 MG,ACETAMINOFEN 500 MG (GENFAR),GENFAR,CAJA X 100 TAB,100,18820,25100,188.2,https://www.larebajavirtual.com/kit-acetaminofen-500-mg-genfar-38045/p,https://copservir.vteximg.com.br/arquivos/ids/1935401-300-300/ACETAMINOFEN-GENFAR--500-MG_F.png
2026-10-08,Locatel,ACETAMINOFEN,500 MG,Genfar Acetaminofen 500Mg,Genfar,BLISTER X 10 UND,10,2030,2030,203.0,https://www.locatelcolombia.com/7702605100019-genfar-acetaminofen-500mg/p,https://locatelcolombia.vteximg.com.br/arquivos/ids/372094-300-300/7702605100019_1_GENFAR-ACETAMINOFEN-500MG-CAJA-X-100-TABLETAS.jpg
2026-10-08,Locatel,ACETAMINOFEN,500 MG,Genfar Acetaminofen 500Mg,Genfar,CAJA X 100 TABLETAS,100,20300,20300,203.0,https://www.locatelcolombia.com/7702605100019-genfar-acetaminofen-500mg/p,https://locatelcolombia.vteximg.com.br/arquivos/ids/229550-300-300/7702605100019_1_GENFAR-ACETAMINOFEN-500MG-CAJA-X-100-TABLETAS.jpg
2026-10-08,La Rebaja,ACETAMINOFEN,500 MG,ACETAMINOFEN 500 MG (COASPHARMA),COASPHARMA,CAJA X 300 TAB,300,61400,61400,204.67,https://www.larebajavirtual.com/kit-acetaminofen-500-mg-coaspharma-116566/p,https://copservir.vteximg.com.br/arquivos/ids/1978472-300-300/ACETAMINOFEN-500-MG--COASP-_F.png
2026-10-08,La Rebaja,ACETAMINOFEN,500 MG,ACETAMINOFEN 500 MG (COASPHARMA),COASPHARMA,BLISTER X 10,10,2100,2100,210.0,https://www.larebajavirtual.com/acetaminofen-500-mg-coaspharma-116566/p,https://copservir.vteximg.com.br/arquivos/ids/1978471-300-300/ACETAMINOFEN-500-MG--COASP-_F.png
2026-10-08,Olímpica,ACETAMINOFEN,500 MG,Acetaminofén La Santé 500MG X100 Tabletas,La Sante Genericos,CAJA X 100 TABLETAS,100,21850,21850,218.5,https://www.olimpica.com/acetaminofen-500-mg-caja-x-100-tabletas-la-sante-7703763190119-483834/p,https://olimpica.vteximg.com.br/arquivos/ids/1837265-300-300/7703763190119.jpg.jpg
2026-10-08,La Rebaja,ACETAMINOFEN,500 MG,ACETAMINOFEN 500 MG (LA SANTE),LA SANTE,CAJA X 100 TAB,100,22300,22300,223.0,https://www.larebajavirtual.com/kit-acetaminofen-500-mg-la-sante-47431/p,https://copservir.vteximg.com.br/arquivos/ids/1964999-300-300/ACETAMINOFEN-500-MG--LA-SANTE-_F.png
2026-10-08,La Rebaja,ACETAMINOFEN,500 MG,ACETAMINOFEN 500 MG (LA SANTE),LA SANTE,BLISTER X 10,10,2300,2300,230.0,https://www.larebajavirtual.com/acetaminofen-500-mg-la-sante-47431/p,https://copservir.vteximg.com.br/arquivos/ids/1964998-300-300/ACETAMINOFEN-500-MG--LA-SANTE-_F.png
2026-10-08,La Rebaja,ACETAMINOFEN,500 MG,ACETAMINOFEN 500 MG (AG),AG,CAJA X 100 TAB,100,23100,23100,231.0,https://www.larebajavirtual.com/kit-acetaminofen-500-mg-ag-61755/p,https://copservir.vteximg.com.br/arquivos/ids/1881058-300-300/ACETAMINOFEN-500-MG_F.png
2026-10-08,Locatel,ACETAMINOFEN,500 MG,Acetaminofen 500Mg,La Sante,CAJA X 100 TABLETAS,100,23550,23550,235.5,https://www.locatelcolombia.com/7703763190119-acetaminofen-500mg/p,https://locatelcolombia.vteximg.com.br/arquivos/ids/187455-300-300/7703763190119.png
2026-10-08,La Rebaja,ACETAMINOFEN,500 MG,ACETAMINOFEN 500 MG (AG),AG,BLISTER X 10,10,2400,2400,240.0,https://www.larebajavirtual.com/acetaminofen-500-mg-ag-61755/p,https://copservir.vteximg.com.br/arquivos/ids/1881057-300-300/ACETAMINOFEN-500-MG_F.png
2026-10-08,La Rebaja,ACETAMINOFEN,500 MG,ACETAMINOFEN 500 MG (GENFAR),GENFAR,BLISTER X 10,10,2600,2600,260.0,https://www.larebajavirtual.com/acetaminofen-500-mg-genfar-38045/p,https://copservir.vteximg.com.br/arquivos/ids/1935400-300-300/ACETAMINOFEN-GENFAR--500-MG_F.png
2026-10-08,Locatel,ACETAMINOFEN,500 MG,Acetaminofen Mk 500Mg Caja X 100 Tabletas Cubiertas,Mk,CAJA X 100 TABLETAS,100,62600,62600,626.0,https://www.locatelcolombia.com/7702057781194-acetaminofen-mk-500mg-caja-x-100-tabletas-cubiertas/p,https://locatelcolombia.vteximg.com.br/arquivos/ids/335555-300-300/7702057781194_1_Acetaminofen-Mk-500Mg-Caja-X-100-Tabletas-Cubiertas.jpg
2026-10-08,La Rebaja,ACETAMINOFEN,500 MG,ACETAMINOFEN 500 MG (MK),TECNOQUIMICAS,CAJA X 50 TAB,50,31900,31900,638.0,https://www.larebajavirtual.com/kit-acetaminofen-500-mg-mk-157953/p,https://copservir.vteximg.com.br/arquivos/ids/1983508-300-300/ACETAMINOFEN-500-MG_F.png
2026-10-08,La Rebaja,ACETAMINOFEN,500 MG,ACETAMINOFEN 500 MG (MK),TECNOQUIMICAS,BLIESTER X 10,10,6400,6400,640.0,https://www.larebajavirtual.com/acetaminofen-500-mg-mk-157953/p,https://copservir.vteximg.com.br/arquivos/ids/1983507-300-300/ACETAMINOFEN-500-MG_F.png
2026-10-08,La Rebaja,ACETAMINOFEN,500 MG,ACETAMINOFEN 500 MG (MK),MK,CAJA X 100 TAB,100,64400,64400,644.0,https://www.larebajavirtual.com/kit-acetaminofen-500-mg-mk-46962/p,https://copservir.vteximg.com.br/arquivos/ids/1978254-300-300/ACETAMINOFEN-MK-500-MG-TAB_F.png
2026-10-08,La Rebaja,ACETAMINOFEN,500 MG,ACETAMINOFEN 500 MG (MK),MK,BLISTER X 10,10,6500,6500,650.0,https://www.larebajavirtual.com/acetaminofen-500-mg-mk-46962/p,https://copservir.vteximg.com.br/arquivos/ids/1978253-300-300/ACETAMINOFEN-MK-500-MG-TAB_F.png
2026-10-08,La Rebaja,ACETAMINOFEN,500 MG,ACETAMINOFEN 500 MG (MK),MK,CAJA X 16 TAB,16,14400,14400,900.0,https://www.larebajavirtual.com/acetaminofen-500-mg-mk-145047/p,https://copservir.vteximg.com.br/arquivos/ids/1983097-300-300/ACETAMINOFEN-500-MG--MK-_F.png
2026-10-08,Locatel,ACETAMINOFEN,500 MG,Dolex Rapida Accion Avanzado 500mg X 200 Tabletas,Dolex,CAJA X 200 TABLETAS,200,182350,182350,911.75,https://www.locatelcolombia.com/7707397791490-dolex-rapida-accion-avanzado-500mg-x-200-tabletas/p,https://locatelcolombia.vteximg.com.br/arquivos/ids/392127-300-300/7707397791490_1_Dolex-Rapida-Accion-Avanzado-500mg-X-200-Tabletas.png.png
2026-10-08,La Rebaja,ACETAMINOFEN,500 MG,DOLEX AVANZADO 500 MG,DOLEX,CAJA X 200 TAB,200,186600,186600,933.0,https://www.larebajavirtual.com/kit-dolex-avanzado-500-mg-156784/p,https://copservir.vteximg.com.br/arquivos/ids/1880763-300-300/DOLEX-AVANZADO-500-MG_F.png
2026-10-08,La Rebaja,ACETAMINOFEN,500 MG,DOLEX AVANZADO 500 MG,DOLEX,BLISTER X 10,10,9400,9400,940.0,https://www.larebajavirtual.com/dolex-avanzado-500-mg-156784/p,https://copservir.vteximg.com.br/arquivos/ids/1880762-300-300/DOLEX-AVANZADO-500-MG_F.png
2026-10-08,Locatel,ACETAMINOFEN,500 MG,Acetaminofén Mk 500Mg Caja X 24 Tabletas Cubiertas,Mk,CAJA X 24 TABLETAS,24,23050,23050,960.42,https://www.locatelcolombia.com/7702057858858-acetaminofen-mk-500mg-caja-x-24-tabletas-cubiertas-1/p,https://locatelcolombia.vteximg.com.br/arquivos/ids/367360-300-300/7702057858858_1_Acetaminofen-Mk-500Mg-Caja-X-24-Tabletas-Cubiertas.jpg
2026-10-08,Locatel,ACETAMINOFEN,500 MG,Dolex Avanzado 500mg X 100 Tabletas,Dolex,CAJA X 100 TABLETAS,100,102750,102750,1027.5,https://www.locatelcolombia.com/7707397791032-dolex-avanzado-500mg-x-100-tabletas/p,https://locatelcolombia.vteximg.com.br/arquivos/ids/404833-300-300/7707397791032_1_Dolex Avanzado 500mg X 100 Tabletas.jpg
2026-10-08,Olímpica,ACETAMINOFEN,500 MG,Dolex Acetaminofen Avanzado X100 Tabletas,Dolex,FRASCO X 100 TABLETAS,100,102800,102800,1028.0,https://www.olimpica.com/dolex-avanzado-500-mg-frasco-x-100-tabletas-7707397791032-2158352/p,https://olimpica.vteximg.com.br/arquivos/ids/907801-300-300/7707397791032.jpg
2026-10-08,La Rebaja,ACETAMINOFEN,500 MG,DOLEX AVANZADO 500 MG,DOLEX,FRASCO X 24 TAB,24,27450,32300,1143.75,https://www.larebajavirtual.com/dolex-avanzado-500-mg-156785/p,https://copservir.vteximg.com.br/arquivos/ids/1880765-300-300/DOLEX-AVANZADO-500-MG_F.png
2026-10-08,Locatel,ACETAMINOFEN,500 MG,Dolex Avanzado 500Mg Caja X 10 Tabletas Recubiertas,Dolex,CAJA X 10 TABLETAS,10,13150,13150,1315.0,https://www.locatelcolombia.com/7707172688939-dolex-avanzado-500mg-caja-x-10-tabletas-recubiertas-1/p,https://locatelcolombia.vteximg.com.br/arquivos/ids/387523-300-300/7707172688939_1_Dolex-Avanzado-500Mg-Caja-X-10-Tabletas-Recubiertas.jpg
2026-10-08,Locatel,ACETAMINOFEN,500 MG,Dolex Rapida Accion Avanzado 500mg X 24 Tabletas,Dolex,CAJA X 24 TABLETAS,24,32650,32650,1360.42,https://www.locatelcolombia.com/7707397791469-dolex-rapida-accion-avanzado-500mg-x-24-tabletas/p,https://locatelcolombia.vteximg.com.br/arquivos/ids/398746-300-300/7707397791469_1_Dolex-Rapida-Accion-Avanzado-500mg-X-24-Tabletas.png.png
2026-10-08,Locatel,ACETAMINOFEN,500 MG,Dolex Rapida Accion 500mg Caja X 24 Tabletas,Dolex,CAJA X 24 TABLETAS,24,32750,32750,1364.58,https://www.locatelcolombia.com/7451079001499-dolex-rapida-accion-500mg-caja-x-24-tabletas/p,https://locatelcolombia.vteximg.com.br/arquivos/ids/363183-300-300/7451079001499_0_Dolex-Rapida-Accion-500mg-Caja-X-24-Tabletas.jpg
2026-10-08,Locatel,ACETAMINOFEN,500 MG,Dolex Activgel 500mg X 24 Capsulas Liquidas,Dolex,CAJA X 24 CAPSULAS,24,41750,41750,1739.58,https://www.locatelcolombia.com/7703363006100-dolex-activgel-500mg-x-24-capsulas-liquidas-1/p,https://locatelcolombia.vteximg.com.br/arquivos/ids/408939-300-300/7703363006100_1_Dolex Activgel 500mg X 24 Capsulas Liquidas.jpg
2026-10-08,Locatel,ACETAMINOFEN,500 MG,Dolex Activgel 500mg X 10 Capsulas Liquidas,Dolex,CAJA X 10 CAPSULAS,10,19500,19500,1950.0,https://www.locatelcolombia.com/7703363006094-dolex-activgel-500mg-x-10-capsulas-liquidas-1/p,https://locatelcolombia.vteximg.com.br/arquivos/ids/412904-300-300/7703363006094_1_Dolex Activgel 500mg X 10 Capsulas Liquidas.jpg
2026-10-08,La Rebaja,ACIDO ACETILSALICILICO,100 MG,ASA 100 MG (MK),MK,CAJA X 100 TAB,100,40200,40200,402.0,https://www.larebajavirtual.com/kit-asa-100-mg-mk-147956/p,https://copservir.vteximg.com.br/arquivos/ids/1983162-300-300/ASA-100-MG--MK-_F.png
2026-10-08,La Rebaja,ACIDO ACETILSALICILICO,100 MG,ASA 100 MG (MK),MK,BLISTER X 10,10,4100,4100,410.0,https://www.larebajavirtual.com/asa-100-mg-mk-147956/p,https://copservir.vteximg.com.br/arquivos/ids/1983161-300-300/ASA-100-MG--MK-_F.png
2026-10-08,La Rebaja,ACIDO ACETILSALICILICO,100 MG,ACIDO ACETILSALICILICO 100 MG (GENFAR),GENFAR,CAJA X 30 TAB,30,13360,16700,445.33,https://www.larebajavirtual.com/acido-acetilsalicilico-100-mg-genfar-39745/p,https://copservir.vteximg.com.br/arquivos/ids/1935452-300-300/ACIDO-ACETILSALICILICO-100-MG_F.png
2026-10-08,Olímpica,ACIDO ACETILSALICILICO,100 MG,ASPIRINA 100 MG BLISTER X 28 TABLETAS,Aspirina,BLISTER X 28 TABLETAS,28,18470,18470,659.64,https://www.olimpica.com/aspirina-100-mg-blister-x-28-tabletas/p,https://olimpica.vteximg.com.br/arquivos/ids/2397899-300-300/7702123006817_1.jpg
2026-10-08,Olímpica,ACIDO ACETILSALICILICO,100 MG,Aspirina® 100 mg Ácido Acetilsalicilico Caja X140 Tabletas,Aspirina,CAJA X 140 TAB,140,99850,99850,713.21,https://www.olimpica.com/aspirina-100-mg-acido-acetilsalicilico-caja-x-140-tab/p,https://olimpica.vteximg.com.br/arquivos/ids/2397904-300-300/7702123006817_1.jpg
2026-10-08,Olímpica,ACIDO ACETILSALICILICO,100 MG,Aspirina® 100 mg Ácido Acetilsalicilico Caja X28 Tabletas,Aspirina,CAJA X 28 TAB,28,21600,21600,771.43,https://www.olimpica.com/aspirina-100-mg-acido-acetilsalicilico-caja-x-28-tab/p,https://olimpica.vteximg.com.br/arquivos/ids/2397909-300-300/7702123006800_1.jpg
2026-10-08,La Rebaja,ACIDO ACETILSALICILICO,100 MG,ASA 100 MG (MK),MK,CAJA X 30 TAB,30,26400,26400,880.0,https://www.larebajavirtual.com/asa-100-mg-156476/p,https://copservir.vteximg.com.br/arquivos/ids/1983432-300-300/ASA-100-MG--MK-_F.png
2026-10-08,La Rebaja,ACIDO ACETILSALICILICO,100 MG,CARDIO ASPIRINA 100 MG,ASPIRINA,Caja X 30.00 Tab,30,39840,66400,1328.0,https://www.larebajavirtual.com/cardio-aspirina-100-mg-23492/p,https://copservir.vteximg.com.br/arquivos/ids/1878192-300-300/CARDIO-ASPIRINA-100-MG_F.png
2026-10-08,La Rebaja,ACIDO ACETILSALICILICO,500 MG,ASPIRINA ULTRA 500 MG,ASPIRINA,CAJA X 100 TAB,100,88700,88700,887.0,https://www.larebajavirtual.com/kit-aspirina-ultra-500-mg-111062/p,https://copservir.vteximg.com.br/arquivos/ids/1883192-300-300/ASPIRINA-ULTRA-500-MG_F.png
2026-10-08,La Rebaja,ACIDO ACETILSALICILICO,500 MG,ASPIRINA ULTRA 500 MG,ASPIRINA,BLISTER X 4,4,3560,3560,890.0,https://www.larebajavirtual.com/aspirina-ultra-500-mg-111062/p,https://copservir.vteximg.com.br/arquivos/ids/1883191-300-300/ASPIRINA-ULTRA-500-MG_F.png
2026-10-08,Olímpica,ACIDO ACETILSALICILICO,500 MG,Aspirina® Ultra 500 mg Ácido Acetilsalicilico Caja x 100 tab,Aspirina,CAJA X 100 TAB,100,95350,95350,953.5,https://www.olimpica.com/aspirina-ultra-500-mg-acido-acetilsalicilico-caja-x-100-tab/p,https://olimpica.vteximg.com.br/arquivos/ids/2397881-300-300/7702123009535_1.jpg
2026-10-08,Locatel,ACIDO ACETILSALICILICO,500 MG,Aspirina Ultra 500mg Ácido Acetilsalicílico Caja x 20 tabletas,Aspirina,CAJA X 20 TABLETAS,20,21250,21250,1062.5,https://www.locatelcolombia.com/7702123009528-aspirina-ultra-500mg-acido-acetilsalicilico-caja-x-20-tabletas--/p,https://locatelcolombia.vteximg.com.br/arquivos/ids/405014-300-300/7702123009528_1_Aspirina Ultra 500mg Acido Acetilsalicilico Caja x 20 tabletas.jpg
2026-10-08,La Rebaja,ACIDO ACETILSALICILICO,500 MG,ASPIRINA EFERVESCENTE 500 MG,ASPIRINA,CAJA X 50 TAB,50,66400,66400,1328.0,https://www.larebajavirtual.com/kit-aspirina-efervescente-500-mg-11369/p,https://copservir.vteximg.com.br/arquivos/ids/1950765-300-300/ASPIRINA-EFERVESCENTE-500-MG_F.png
2026-10-08,La Rebaja,ACIDO ACETILSALICILICO,500 MG,ASPIRINA EFERVESCENTE 500 MG,ASPIRINA,BLISTER X 2,2,2660,2660,1330.0,https://www.larebajavirtual.com/aspirina-efervescente-500-mg-11369/p,https://copservir.vteximg.com.br/arquivos/ids/1950764-300-300/ASPIRINA-EFERVESCENTE-500-MG_F.jpg
2026-10-08,Olímpica,ACIDO ACETILSALICILICO,500 MG,Aspirina® Efervescente 500 mg Ácido Acetilsalicilico Caja X50 Tabletas,Aspirina,CAJA X 50 TAB,50,68650,68650,1373.0,https://www.olimpica.com/aspirina--efervescente-500-mg-acido-acetilsalicilico-caja-x-50-tab/p,https://olimpica.vteximg.com.br/arquivos/ids/2397891-300-300/7702123006718-1_ASPIRINA-EFERV-0.5-G-X-50-TAB-IMP-CO.jpg
2026-10-08,La Rebaja,ACIDO ACETILSALICILICO,500 MG,ASPIRINA EFERVESCENTE 500 MG,ASPIRINA,CAJA X 12 TAB,12,17400,17400,1450.0,https://www.larebajavirtual.com/aspirina-efervescente-500-mg-11368/p,https://copservir.vteximg.com.br/arquivos/ids/1962934-300-300/ASPIRINA-EFERVESCENTE-500-MG_F.png
2026-10-08,Olímpica,ACIDO ACETILSALICILICO,500 MG,Aspirina® Efervescente 500 M Ácido Acetilsalicilico Caja X12 Tabletas,Aspirina,CAJA X 12 TAB,12,17850,17850,1487.5,https://www.olimpica.com/aspirina--efervescente-500-mg-acido-acetilsalicilico-caja-x-12-tab/p,https://olimpica.vteximg.com.br/arquivos/ids/2279628-300-300/7702123006725_1.jpg
2026-10-08,La Rebaja,ACIDO ACETILSALICILICO,81 MG,CARDIO ASPIRINA 81 MG,ASPIRINA,FRASCO X 30 TAB,30,37620,62700,1254.0,https://www.larebajavirtual.com/cardio-aspirina-81-mg-111205/p,https://copservir.vteximg.com.br/arquivos/ids/1883201-300-300/CARDIO-ASPIRINA-81-MG_F.png
2026-10-08,Locatel,ACIDO ACETILSALICILICO,81 MG,Cardioaspirina 81Mg X 30 Tabletas,Cardio Aspirina,CAJA X 30 TABLETAS,30,46688,62250,1556.27,https://www.locatelcolombia.com/7702123008811-cardioaspirina-81mg-x-30-tabletas-1/p,https://locatelcolombia.vteximg.com.br/arquivos/ids/233664-300-300/7702123008811_1_CARDIOASPIRINA-81MG-X-30-TABLETAS.jpg
2026-10-08,Olímpica,AMLODIPINO,10 MG,Amlodipino 10 Mg American Generics X10 Tabletas,American Generics,CAJA X 10 TABLETAS,10,10750,10750,1075.0,https://www.olimpica.com/amlodipino-10-mg-caja-x-10-tabletas-american-generics-7706569001344-855251/p,https://olimpica.vteximg.com.br/arquivos/ids/895040-300-300/7706569001344.jpg
2026-10-08,Olímpica,AMLODIPINO,10 MG,Amlodipino 10 Mg La Santé X10 Tabletas,La Sante Genericos,CAJA X 10 TABLETAS,10,11100,11100,1110.0,https://www.olimpica.com/amlodipino-10-mg-caja-x-10-tabletas-la-sante-7703763991082-645033/p,https://olimpica.vteximg.com.br/arquivos/ids/1857909-300-300/7703763991082.jpg
2026-10-08,La Rebaja,AMLODIPINO,10 MG,AMLODIPINO 10 MG (COASPHARMA),COASPHARMA,CAJA X 10 TAB,10,11700,11700,1170.0,https://www.larebajavirtual.com/amlodipino-10-mg-coaspharma-36956/p,https://copservir.vteximg.com.br/arquivos/ids/1879032-300-300/AMLODIPINO-10-MG--COASPHARMA-_F.png
2026-10-08,Locatel,AMLODIPINO,10 MG,Genfar Amlodipino 10Mg Caja X 10 Comprimidos,Genfar,CAJA X 10 COMPRIMIDOS,10,14950,14950,1495.0,https://www.locatelcolombia.com/7702605100446-genfar-amlodipino-10mg-caja-x-10-comprimidos/p,https://locatelcolombia.vteximg.com.br/arquivos/ids/229624-300-300/7702605100446_1_GENFAR-AMLODIPINO-10MG-CAJA-X-10-COMPRIMIDOS.jpg
2026-10-08,La Rebaja,AMLODIPINO,10 MG,AMLODIPINO 10 MG (LA SANTE),LA SANTE,CAJA X 10 TAB,10,15900,15900,1590.0,https://www.larebajavirtual.com/amlodipino-10-mg-la-sante-43880/p,https://copservir.vteximg.com.br/arquivos/ids/1938696-300-300/AMLODIPINO-10-MG--LA-SANTE-_F.png
2026-10-08,Locatel,AMLODIPINO,10 MG,Amlodipino Mk 10Mg Caja X 30 Tabletas,Mk,CAJA X 30 TABLETAS,30,54950,54950,1831.67,https://www.locatelcolombia.com/7702057715137-amlodipino-mk-10mg-caja-x-30-tabletas/p,https://locatelcolombia.vteximg.com.br/arquivos/ids/277901-300-300/7702057715137_1_AMLODIPINO-MK-10MG-X-30-TABLETAS.jpg
2026-10-08,La Rebaja,AMLODIPINO,10 MG,AMLODIPINO 10 MG (MK),MK,CAJA X 30 TAB,30,65000,65000,2166.67,https://www.larebajavirtual.com/amlodipino-10-mg-mk-150527/p,https://copservir.vteximg.com.br/arquivos/ids/1983281-300-300/AMLODIPINO-10-MG--MK-_F.png
2026-10-08,Locatel,AMLODIPINO,10 MG,Norvas 10Mg X 30 Tabletas,Norvas,CAJA X 30 TABLETAS,30,306150,306150,10205.0,https://www.locatelcolombia.com/7703283129040-norvas-10mg-x-30-tabletas/p,https://locatelcolombia.vteximg.com.br/arquivos/ids/190010-300-300/7703283129040.png
2026-10-08,Locatel,AMLODIPINO,5 MG,Amlodipino Genfar 5Mg X 30 Tabletas,Genfar,CAJA X 30 TABLETAS,30,23500,23500,783.33,https://www.locatelcolombia.com/3664798053906-amlodipino-genfar-5mg-x-30-tabletas/p,https://locatelcolombia.vteximg.com.br/arquivos/ids/320617-300-300/3664798053906_1_AMLODIPINO-GENFAR-5MG-X-30-TABLETAS.jpg
2026-10-08,Locatel,AMLODIPINO,5 MG,Genfar Amlodipino 5Mg Caja X 10 Comprimidos,Genfar,CAJA X 10 COMPRIMIDOS,10,7850,7850,785.0,https://www.locatelcolombia.com/7702605100392-genfar-amlodipino-5mg-caja-x-10-comprimidos/p,https://locatelcolombia.vteximg.com.br/arquivos/ids/398735-300-300/7702605100392_3_GENFAR-AMLODIPINO-5MG-CAJA-X-10-COMPRIMIDOS.jpg
2026-10-08,Olímpica,AMLODIPINO,5 MG,AMlodipino 5 Mg Genfar X10 Tabletas,Genfar,CAJA X 10 TABLETAS,10,7900,7900,790.0,https://www.olimpica.com/amlodipino-5-mg-caja-x-10-tabletas-genfar-7702605100392-632426/p,https://olimpica.vteximg.com.br/arquivos/ids/619525-300-300/7702605100392.jpg
2026-10-08,Olímpica,AMLODIPINO,5 MG,AMLODIPINO 5 MG CAJA X 10 TABLETAS,La Sante Genericos,CAJA X 10 TABLETAS,10,8250,8250,825.0,https://www.olimpica.com/amlodipino-5-mg-caja-x-10-tabletas/p,https://olimpica.vteximg.com.br/arquivos/ids/1846812-300-300/7703763279821.jpg.jpg
2026-10-08,Olímpica,AMLODIPINO,5 MG,Amlodipino 5 Mg La Santé X10 Tabletas,La Sante Genericos,CAJA X 10 TABLETAS,10,8250,8250,825.0,https://www.olimpica.com/amlodipino-5-mg-caja-x-10-tabletas-la-sante-7703763991075-669580/p,https://olimpica.vteximg.com.br/arquivos/ids/1837335-300-300/7703763991075.jpg.jpg
2026-10-08,La Rebaja,AMLODIPINO,5 MG,AMLODIPINO 5 MG (GENFAR),GENFAR,CAJA X 30 TAB,30,24840,27600,828.0,https://www.larebajavirtual.com/amlodipino-5-mg-genfar-152967/p,https://copservir.vteximg.com.br/arquivos/ids/1935804-300-300/AMLODIPINO-5-MG--GENFAR-_F.png
2026-10-08,Locatel,AMLODIPINO,5 MG,Amlodipino Mk 5Mg Caja X 30 Tabletas,Mk,CAJA X 30 TABLETAS,30,25950,25950,865.0,https://www.locatelcolombia.com/7702057711573-amlodipino-mk-5mg-caja-x-30-tabletas/p,https://locatelcolombia.vteximg.com.br/arquivos/ids/406242-300-300/7702057711573_1_Amlodipino-Mk-5Mg-Caja-X-30-Tabletas.jpg
2026-10-08,Olímpica,AMLODIPINO,5 MG,Amlodipino Mk 5 Mg Caja X 30 Tableta,Mkgenerico,CAJA X 30 TABLETA,30,26150,26150,871.67,https://www.olimpica.com/amlodipino-5-mg-caja-x-30-tableta-mk-7702057711573-2166905/p,https://olimpica.vteximg.com.br/arquivos/ids/648561-300-300/7702057711573.jpg
2026-10-08,La Rebaja,AMLODIPINO,5 MG,AMLODIPINO 5 MG (GENFAR),GENFAR,CAJA X 10 TAB,10,8830,9300,883.0,https://www.larebajavirtual.com/amlodipino-5-mg-genfar-30707/p,https://copservir.vteximg.com.br/arquivos/ids/1935367-300-300/AMLODIPINO-5-MG--GENFAR-_F.png
2026-10-08,La Rebaja,AMLODIPINO,5 MG,AMLODIPINO 5 MG (LA SANTE),LA SANTE,CAJA X 10 TAB,10,8900,8900,890.0,https://www.larebajavirtual.com/amlodipino-5-mg-la-sante-38387/p,https://copservir.vteximg.com.br/arquivos/ids/1938648-300-300/AMLODIPINO-5-MG--LA-SANTE-_F.png
2026-10-08,La Rebaja,AMLODIPINO,5 MG,AMLODIPINO 5 MG (COASPHARMA),COASPHARMA,CAJA X 10 TAB,10,9300,9300,930.0,https://www.larebajavirtual.com/amlodipino-5-mg-coaspharma-36955/p,https://copservir.vteximg.com.br/arquivos/ids/1979960-300-300/AMLODIPINO-5-MG--COASPHARMA-_F.png
2026-10-08,La Rebaja,AMLODIPINO,5 MG,AMLODIPINO 5 MG (MK),MK,CAJA X 30 TAB,30,29800,29800,993.33,https://www.larebajavirtual.com/amlodipino-5-mg-mk-145046/p,https://copservir.vteximg.com.br/arquivos/ids/1979754-300-300/AMLODIPINO-5-MG--MK-_F.png
2026-10-08,Olímpica,AMLODIPINO,5 MG,Amlodipino 5 Mg Genfar X10 TabletasAmlodipino 10 Mg Genfar X10 Tabletas,Genfar,CAJA X 10 TABLETAS,10,13600,13600,1360.0,https://www.olimpica.com/amlodipino-10-mg-caja-x-10-tabletas-genfar-7702605100446-632427/p,https://olimpica.vteximg.com.br/arquivos/ids/619530-300-300/7702605100446.jpg
2026-10-08,Locatel,AMOXICILINA,1 G,Amoxidal 1G X 28 Tabletas,Roemmers,CAJA X 28 TABLETAS,28,135950,135950,4855.36,https://www.locatelcolombia.com/7703281020066-amoxidal-1g-x-28-tabletas-1/p,https://locatelcolombia.vteximg.com.br/arquivos/ids/388656-300-300/7703281020066.jpg
2026-10-08,Olímpica,AMOXICILINA,500 MG,AMOXICILINA 500MG CJ X 50 CAP,Ecar,CAJA X 50 CAP,50,22800,22800,456.0,https://www.olimpica.com/amoxicilina-500mg-cj-x-50-cap/p,https://olimpica.vteximg.com.br/arquivos/ids/2410859-300-300/7702184013038.jpg
2026-10-08,La Rebaja,AMOXICILINA,500 MG,AMOXICILINA 500 MG (COASPHARMA),COASPHARMA,CAJA X 100 CAP,100,63000,63000,630.0,https://www.larebajavirtual.com/kit-amoxicilina-500-mg-11286/p,https://copservir.vteximg.com.br/arquivos/ids/1968351-300-300/AMOXICILINA-500-MG-COASPHARMA_F.png
2026-10-08,La Rebaja,AMOXICILINA,500 MG,AMOXICILINA 500 MG (COASPHARMA),COASPHARMA,BLISTER X 10,10,6300,6300,630.0,https://www.larebajavirtual.com/amoxicilina-500-mg-11286/p,https://copservir.vteximg.com.br/arquivos/ids/1968350-300-300/AMOXICILINA-500-MG-COASPHARMA_F.png
2026-10-08,La Rebaja,AMOXICILINA,500 MG,AMOXICILINA 500 MG (LA SANTE),LA SANTE,CAJA X 50 CAP,50,32220,35800,644.4,https://www.larebajavirtual.com/kit-amoxicilina-500-mg-la-sante-47433/p,https://copservir.vteximg.com.br/arquivos/ids/1974105-300-300/AMOXICILINA-500-MG--LA-SANTE-_F.png
2026-10-08,Olímpica,AMOXICILINA,500 MG,Amoxicilina 500 Mg Mk X60 Cápsulas,Tecnoquimicas,CAJA X 60 CAPSULAS,60,38950,38950,649.17,https://www.olimpica.com/amoxicilina-500-mg-caja-x-60-capsulas-mk-7702057070502-68180/p,https://olimpica.vteximg.com.br/arquivos/ids/615252-300-300/7702057070502.jpg
2026-10-08,Olímpica,AMOXICILINA,500 MG,Amoxicilina 500 Mg La Santé X50 Cápsulas,La Sante Genericos,CAJA X 50 CAPSULAS,50,32750,32750,655.0,https://www.olimpica.com/amoxicilina-500-mg-caja-x-50-capsulas-la-sante-7703763070237-79508/p,https://olimpica.vteximg.com.br/arquivos/ids/1837246-300-300/7703763070237.jpg.jpg
2026-10-08,Locatel,AMOXICILINA,500 MG,Amoxicilina 500Mg La Santé,La Sante,BLISTER X 10 UND,10,6590,6590,659.0,https://www.locatelcolombia.com/7703763070237-amoxicilina-500mg-caja-x-50-capsulas-la-sante/p,https://locatelcolombia.vteximg.com.br/arquivos/ids/372126-300-300/7703763070237-1.png
2026-10-08,Locatel,AMOXICILINA,500 MG,Amoxicilina 500Mg La Santé,La Sante,CAJA X 50 CAPSULAS,50,32950,32950,659.0,https://www.locatelcolombia.com/7703763070237-amoxicilina-500mg-caja-x-50-capsulas-la-sante/p,https://locatelcolombia.vteximg.com.br/arquivos/ids/191291-300-300/7703763070237.png
2026-10-08,Locatel,AMOXICILINA,500 MG,Amoxicilina A.G 500mg X 50 Capsulas,American Generics,CAJA X 50 CAPSULAS,50,32950,32950,659.0,https://www.locatelcolombia.com/7706569000026-amoxicilina-a-g-500mg-x-50-capsulas/p,https://locatelcolombia.vteximg.com.br/arquivos/ids/398882-300-300/7706569000026_1_Amoxicilina-A.G-500mg-X-50-capsulas.jpg
2026-10-08,Olímpica,AMOXICILINA,500 MG,Amoxicilina 500 Mg American Generics X50 Cápsulas,American Generics,CAJA X 50 CAPSULAS,50,32950,32950,659.0,https://www.olimpica.com/amoxicilina-500-mg-caja-x-50-capsulas-american-generics-7706569000026-612691/p,https://olimpica.vteximg.com.br/arquivos/ids/619414-300-300/7706569000026.jpg
2026-10-08,Locatel,AMOXICILINA,500 MG,Amoxicilina Colmed 500Mg,Colmed,BLISTER X 5 UND,5,3410,3410,682.0,https://www.locatelcolombia.com/7703153039745-amoxicilina-colmed-500mg/p,https://locatelcolombia.vteximg.com.br/arquivos/ids/372245-300-300/7703153039745_1_AMOXICILINA-COLMED-500MG-X-50-CAPSULAS-DURAS.jpg
2026-10-08,Locatel,AMOXICILINA,500 MG,Amoxicilina Colmed 500Mg,Colmed,CAJA X 50 CAPSULAS,50,34100,34100,682.0,https://www.locatelcolombia.com/7703153039745-amoxicilina-colmed-500mg/p,https://locatelcolombia.vteximg.com.br/arquivos/ids/311694-300-300/7703153039745_1_AMOXICILINA-COLMED-500MG-X-50-CAPSULAS-DURAS.jpg
2026-10-08,Locatel,AMOXICILINA,500 MG,Amoxicilina Mk 500Mg,Mk,CAJA X 60 CAPSULAS,60,40950,40950,682.5,https://www.locatelcolombia.com/7702057070502-amoxicilina-mk-500mg/p,https://locatelcolombia.vteximg.com.br/arquivos/ids/184330-300-300/7702057070502.png
2026-10-08,La Rebaja,AMOXICILINA,500 MG,AMOXICILINA 500 MG (LA SANTE),LA SANTE,BLISTER X 10,10,7200,7200,720.0,https://www.larebajavirtual.com/amoxicilina-500-mg-la-sante-47433/p,https://copservir.vteximg.com.br/arquivos/ids/1974103-300-300/AMOXICILINA-500-MG--LA-SANTE-_F.png
2026-10-08,La Rebaja,AMOXICILINA,500 MG,AMOXICILINA 500 MG (MK),MK,CAJA X 60 CAP,60,46500,46500,775.0,https://www.larebajavirtual.com/kit-amoxicilina-500-mg-mk-42951/p,https://copservir.vteximg.com.br/arquivos/ids/1982269-300-300/AMOXICILINA-500-MG--MK-_F.png
2026-10-08,La Rebaja,AMOXICILINA,500 MG,AMOXICILINA 500 MG (MK),MK,BLISTER X 10,10,7800,7800,780.0,https://www.larebajavirtual.com/amoxicilina-500-mg-mk-42951/p,https://copservir.vteximg.com.br/arquivos/ids/1982266-300-300/AMOXICILINA-500-MG--MK-_F.png
2026-10-08,La Rebaja,AMOXICILINA,500 MG,AMOXICILINA 500 MG (GENFAR),GENFAR,CAJA X 50 CAP,50,39600,44000,792.0,https://www.larebajavirtual.com/kit-amoxicilina-500-mg-genfar-38229/p,https://copservir.vteximg.com.br/arquivos/ids/1930336-300-300/AMOXICILINA-500-MG-GENFAR_F.png
2026-10-08,Olímpica,AMOXICILINA,500 MG,Amoxicilina 500 Mg Genfar X50 Cápsulas,Genfar,CAJA X 50 CAPSULAS,50,39900,39900,798.0,https://www.olimpica.com/amoxicilina-500-mg-caja-x-50-capsulas-genfar-7702605100309-33560/p,https://olimpica.vteximg.com.br/arquivos/ids/614677-300-300/7702605100309.jpg
2026-10-08,Locatel,AMOXICILINA,500 MG,Genfar Amoxicilina 500Mg,Genfar,BLISTER X 10 UND,10,8000,8000,800.0,https://www.locatelcolombia.com/7702605100309-genfar-amoxicilina-500mg/p,https://locatelcolombia.vteximg.com.br/arquivos/ids/372069-300-300/7702605100309-Amoxicilina-500mg-x50Cap-v2.png
2026-10-08,Locatel,AMOXICILINA,500 MG,Genfar Amoxicilina 500Mg,Genfar,CAJA X 50 CAPSULAS,50,40000,40000,800.0,https://www.locatelcolombia.com/7702605100309-genfar-amoxicilina-500mg/p,https://locatelcolombia.vteximg.com.br/arquivos/ids/230099-300-300/7702605100309_1_GENFAR-AMOXICILINA-500MG-CAJA-X-50-CAPSULAS.jpg
2026-10-08,La Rebaja,AMOXICILINA,500 MG,AMOXICILINA 500 MG (GENFAR),GENFAR,BLISTER X 10,10,8800,8800,880.0,https://www.larebajavirtual.com/amoxicilina-500-mg-genfar-38229/p,https://copservir.vteximg.com.br/arquivos/ids/1930335-300-300/AMOXICILINA-500-MG-GENFAR_F.png
2026-10-08,La Rebaja,AMOXICILINA,500 MG,DECACILIN 500 MG,DECACILIN,CAJA X 100 CAP,100,198520,225600,1985.2,https://www.larebajavirtual.com/kit-decacilin-500-mg-12749/p,https://copservir.vteximg.com.br/arquivos/ids/1877139-300-300/DECACILIN-500-MG_F.png
2026-10-08,La Rebaja,AMOXICILINA,500 MG,DECACILIN 500 MG,DECACILIN,BLISTER X 10,10,22600,22600,2260.0,https://www.larebajavirtual.com/decacilin-500-mg-12749/p,https://copservir.vteximg.com.br/arquivos/ids/1877138-300-300/DECACILIN-500-MG_F.png
2026-10-08,Locatel,AMOXICILINA,500 MG,Amoxidal 500Mg X 30 Capsulas,Roemmers,CAJA X 30 CAPSULAS,30,96600,96600,3220.0,https://www.locatelcolombia.com/7703281002741-amoxidal-500mg-x-30-capsulas-1/p,https://locatelcolombia.vteximg.com.br/arquivos/ids/388655-300-300/7703281002741.jpg
2026-10-08,Locatel,AMOXICILINA,500 MG,Amoxal 500Mg Caja X 30 Capsulas,Amoxal,CAJA X 30 CAPSULAS,30,163400,163400,5446.67,https://www.locatelcolombia.com/7707172680346-amoxal-500mg-caja-x-30-capsulas-1/p,https://locatelcolombia.vteximg.com.br/arquivos/ids/180553-300-300/7707172680346.png
2026-10-08,Locatel,AMOXICILINA,500 MG,Amoxal 500Mg Caja X 15 Capsulas,Amoxal,CAJA X 15 CAPSULAS,15,86950,86950,5796.67,https://www.locatelcolombia.com/7707172680056-amoxal-500mg-caja-x-15-capsulas/p,https://locatelcolombia.vteximg.com.br/arquivos/ids/178248-300-300/7707172680056-1.png
2026-10-08,Olímpica,AMOXICILINA,875 MG,AMOXICILINA MK 875 MG BLISTER X 10 TABLETAS,Sin Marca,CAJA X 20 TAB,20,29425,29425,1471.25,https://www.olimpica.com/amoxicilina-875-mg-cj-x-20-tab-mk---blister/p,https://olimpica.vteximg.com.br/arquivos/ids/892916-300-300/7702057712730.jpg
2026-10-08,Olímpica,AMOXICILINA,875 MG,AMOXICILINA 875 MG CJ X 20 TAB MK,Sin Marca,CAJA X 20 TAB,20,58850,58850,2942.5,https://www.olimpica.com/amoxicilina-875-mg-cj-x-20-tab-mk/p,https://olimpica.vteximg.com.br/arquivos/ids/892915-300-300/7702057712730.jpg
2026-10-08,Locatel,AMOXICILINA,875 MG,Amoxicilina Mk 875Mg X 20 Tabletas Recubiertas,Mk,CAJA X 20 TABLETAS,20,62950,62950,3147.5,https://www.locatelcolombia.com/7702057712730-amoxicilina-mk-875mg-x-20-tabletas-recubiertas/p,https://locatelcolombia.vteximg.com.br/arquivos/ids/311697-300-300/7702057712730_1_AMOXICILINA-MK-875MG-X-20-TABLETAS-RECUBIERTAS.jpg
2026-10-08,La Rebaja,AMOXICILINA,875 MG,AMOXICILINA 875 MG (MK),MK,CAJA X 20 TAB,20,77400,77400,3870.0,https://www.larebajavirtual.com/amoxicilina-875-mg-mk-152970/p,https://copservir.vteximg.com.br/arquivos/ids/1983294-300-300/AMOXICILINA-875-MG--MK-_F.png
2026-10-08,Locatel,AMOXICILINA,875 MG,Amoxidal Duo 875 Mg Caja X 21 Comprimidos,Amoxidal,CAJA X 21 COMPRIMIDOS,21,105800,105800,5038.1,https://www.locatelcolombia.com/7703281001713-amoxidal-duo-875-mg-caja-x-21-comprimidos/p,https://locatelcolombia.vteximg.com.br/arquivos/ids/388658-300-300/7703281001713.jpg
2026-10-08,La Rebaja,AMOXICILINA,875 MG,AMOXIDAL DUO 875 MG,AMOXIDAL,CAJA X 14 COMP,14,79700,79700,5692.86,https://www.larebajavirtual.com/amoxidal-duo-875-mg-36151/p,https://copservir.vteximg.com.br/arquivos/ids/1879000-300-300/AMOXIDAL-DUO-875-MG_F.png
2026-10-08,Locatel,AMOXICILINA,875 MG,Amoxidal Duo 875Mg Caja X 14 Comprimidos,Amoxidal,CAJA X 14 COMPRIMIDOS,14,79850,79850,5703.57,https://www.locatelcolombia.com/7795345011202-amoxidal-duo-875mg-caja-x-14-comprimidos/p,https://locatelcolombia.vteximg.com.br/arquivos/ids/388664-300-300/7795345011202.jpg
2026-10-08,Olímpica,ATORVASTATINA,10 MG,Atorvastatina La Santé 10 Mg X30 Tabletas,La Sante Genericos,CAJA X 30 TAB,30,77400,77400,2580.0,https://www.olimpica.com/atorvastatina-10-mg-cj-x-30-tab-ls-7703763995967-2206322/p,https://olimpica.vteximg.com.br/arquivos/ids/1837345-300-300/7703763995967.jpg.jpg
2026-10-08,La Rebaja,ATORVASTATINA,10 MG,ATORVASTATINA 10 MG (LA SANTE),LA SANTE,CAJA X 30 TAB,30,79900,79900,2663.33,https://www.larebajavirtual.com/atorvastatina-10-mg-la-sante-147386/p,https://copservir.vteximg.com.br/arquivos/ids/1939285-300-300/ATORVASTATINA-10-MG--LA-SANTE-_F.png
2026-10-08,La Rebaja,ATORVASTATINA,20 MG,ATORVASTATINA 20 MG (COASPHARMA),COASPHARMA,CAJA X 30 TAB,30,43200,43200,1440.0,https://www.larebajavirtual.com/atorvastatina-20-mg-coaspharma-73331/p,https://copservir.vteximg.com.br/arquivos/ids/1969275-300-300/ATORVASTATINA-20-MG--COASPHARM_F.png
2026-10-08,Olímpica,ATORVASTATINA,20 MG,Atorvastatina 20 Mg Caja X 10 Tabletas,Ecar,CAJA X 10 TABLETAS,10,14750,14750,1475.0,https://www.olimpica.com/atorvastatina-20-mg-caja-x-10-tabletas-ecar-7702184010495-2060052/p,https://olimpica.vteximg.com.br/arquivos/ids/645933-300-300/7702184010495.jpg
2026-10-08,La Rebaja,ATORVASTATINA,20 MG,ATORVASTATINA 20 MG (COASPHARMA),COASPHARMA,CAJA X 10 TAB,10,18000,18000,1800.0,https://www.larebajavirtual.com/atorvastatina-20-mg-coaspharma-73330/p,https://copservir.vteximg.com.br/arquivos/ids/1979622-300-300/ATORVASTATINA-20-MG--COASPHARM_F.png
2026-10-08,Locatel,ATORVASTATINA,20 MG,Atorvastatina Colmed 20Mg X 30 Tabletas Recubiertas,Colmed,CAJA X 30 TABLETAS,30,56700,56700,1890.0,https://www.locatelcolombia.com/7703153040505-atorvastatina-colmed-20mg-x-30-tabletas-recubiertas/p,https://locatelcolombia.vteximg.com.br/arquivos/ids/277890-300-300/7703153040505_1_ATORVASTATINA-COLMED-20MG-X-30-TABLETAS-RECUBIERTAS.jpg
2026-10-08,Olímpica,ATORVASTATINA,20 MG,Atorvastatina 20 Mg X30 Tabletas,La Sante Genericos,CAJA X 30 TAB,30,65700,65700,2190.0,https://www.olimpica.com/atorvastatina-20-mg-cj-x-30-tab-ls-7703763992980-2197060/p,https://olimpica.vteximg.com.br/arquivos/ids/1837339-300-300/7703763992980.jpg.jpg
2026-10-08,La Rebaja,ATORVASTATINA,20 MG,FARMALIP 20 MG,FARMALIP,CAJA X 10 TAB,10,22400,22400,2240.0,https://www.larebajavirtual.com/farmalip-20-mg-52444/p,https://copservir.vteximg.com.br/arquivos/ids/1880440-300-300/FARMALIP-20-MG_F.png
2026-10-08,La Rebaja,ATORVASTATINA,20 MG,ATORVASTATINA 20 MG (LA SANTE),LA SANTE,CAJA X 30 TAB,30,72600,72600,2420.0,https://www.larebajavirtual.com/atorvastatina-20-mg-la-sante-147387/p,https://copservir.vteximg.com.br/arquivos/ids/1974400-300-300/ATORVASTATINA-20-MG--LA-SANTE-_F.png
2026-10-08,Locatel,ATORVASTATINA,20 MG,Atorvastatina Mk 20Mg Caja X 30 Tabletas Cubiertas,Mk,CAJA X 30 TABLETAS,30,73750,73750,2458.33,https://www.locatelcolombia.com/7702057710231-atorvastatina-mk-20mg-caja-x-30-tabletas-cubiertas-1/p,https://locatelcolombia.vteximg.com.br/arquivos/ids/207591-300-300/7702057710231_ATORVASTATINA-MK-20MG-X-30-TABLETAS.png
2026-10-08,Olímpica,ATORVASTATINA,20 MG,Atorvastatina Mk 20 Mg Caja X 30 Tabletas,Mkgenerico,CAJA X 30 TAB,30,76200,76200,2540.0,https://www.olimpica.com/atorvastatina-mk-20-mg-caja-x-30-tab-7702057710231-2030738/p,https://olimpica.vteximg.com.br/arquivos/ids/645158-300-300/7702057710231.jpg
2026-10-08,Locatel,ATORVASTATINA,20 MG,Atorvastatina Genfar 20mg X30 Tabletas,Genfar,CAJA X 30 TABLETAS,30,90350,90350,3011.67,https://www.locatelcolombia.com/7705959885724-atorvastatina-genfar-20mg-x30-tabletas/p,https://locatelcolombia.vteximg.com.br/arquivos/ids/366527-300-300/7705959885724_1_Atorvastatina-Genfar-20mg-X30-Tabletas.jpg
2026-10-08,La Rebaja,ATORVASTATINA,20 MG,ATORVASTATINA 20 MG (MK),MK,CAJA X 30 TAB,30,94100,94100,3136.67,https://www.larebajavirtual.com/atorvastatina-20-mg-mk-124171/p,https://copservir.vteximg.com.br/arquivos/ids/1982989-300-300/ATORVASTATINA-20-MG--MK-_F.png
2026-10-08,La Rebaja,ATORVASTATINA,20 MG,LIPITOR 20 MG,LIPITOR,CAJA X 30 TAB,30,117500,117500,3916.67,https://www.larebajavirtual.com/lipitor-20-mg-91450/p,https://copservir.vteximg.com.br/arquivos/ids/1946334-300-300/LIPITOR-20-MG_F.png
2026-10-08,Olímpica,ATORVASTATINA,40 MG,ATORVASTATINA 40MG CJ X 30 TAB EC,Ecar,CAJA X 30 TAB,30,91200,91200,3040.0,https://www.olimpica.com/atorvastatina-40mg-cj-x-30-tab-ec/p,https://olimpica.vteximg.com.br/arquivos/ids/2410861-300-300/7702184014189.jpg
2026-10-08,La Rebaja,ATORVASTATINA,40 MG,FARMALIP 40 MG,FARMALIP,CAJA X 30 TAB,30,93900,93900,3130.0,https://www.larebajavirtual.com/farmalip-40-mg-105883/p,https://copservir.vteximg.com.br/arquivos/ids/1936595-300-300/FARMALIP-40-MG_F.png
2026-10-08,Locatel,ATORVASTATINA,40 MG,Atorvastatina Mk 40Mg X 30 Tabletas,Mk,CAJA X 30 TABLETAS,30,98950,98950,3298.33,https://www.locatelcolombia.com/7702057707057-atorvastatina-mk-40mg-x-30-tabletas-1/p,https://locatelcolombia.vteximg.com.br/arquivos/ids/227923-300-300/7702057707057_1_ATORVASTATINA-MK-40MG-X-30-TABLETAS.jpg
2026-10-08,La Rebaja,ATORVASTATINA,40 MG,ATORVASTATINA 40MG (LA SANTE),LA SANTE,CAJA X 30 TAB,30,104400,104400,3480.0,https://www.larebajavirtual.com/atorvastatina-40mg-la-sante-148787/p,https://copservir.vteximg.com.br/arquivos/ids/1974413-300-300/ATORVASTATINA-40MG--LA-SANTE-_F.png
2026-10-08,Locatel,ATORVASTATINA,40 MG,Atorvastatina La Sante 40Mg X 30 Tabletas,La Sante,CAJA X 30 TABLETAS,30,106950,106950,3565.0,https://www.locatelcolombia.com/7703763194452-atorvastatina-la-sante-40mg-x-30-tabletas/p,https://locatelcolombia.vteximg.com.br/arquivos/ids/235884-300-300/7703763194452_1_ATORVASTATINA-LA-SANTE-40MG-X-30-TABLETAS.jpg
2026-10-08,Olímpica,ATORVASTATINA,40 MG,Atorvastatina 40 Mg Cj X 30 Tab Ls,Sin Marca,CAJA X 30 TAB,30,116750,116750,3891.67,https://www.olimpica.com/atorvastatina-40-mg-cj-x-30-tab-ls/p,https://olimpica.vteximg.com.br/arquivos/ids/1837267-300-300/7703763194452.jpg.jpg
2026-10-08,La Rebaja,ATORVASTATINA,40 MG,ATORVASTATINA 40 MG (MK),MK,CAJA X 30 TAB,30,128800,128800,4293.33,https://www.larebajavirtual.com/atorvastatina-40-mg-mk-115558/p,https://copservir.vteximg.com.br/arquivos/ids/1982849-300-300/ATORVASTATINA-40-MG--MK-_F.png
2026-10-08,Locatel,ATORVASTATINA,40 MG,Atorvastatina Genfar 40Mg X 30 Tabletas Recubiertas,Genfar,CAJA X 30 TABLETAS,30,130900,130900,4363.33,https://www.locatelcolombia.com/7705959885717-atorvastatina-genfar-40mg-x-30-tabletas-recubiertas/p,https://locatelcolombia.vteximg.com.br/arquivos/ids/243843-300-300/7705959885717_1_ATORVASTATINA-GENFAR-40MG-X-30-TABLETAS-RECUBIERTAS.jpg
2026-10-08,Olímpica,ATORVASTATINA,40 MG,Atorvastatina Mk 40 Mg Caja X 30 Tabletas,Mkgenerico,CAJA X 30 TABLETAS,30,164600,164600,5486.67,https://www.olimpica.com/atorvastatina-mk-40-mg-caja-x-30-tabletas-7702057707057-1318891/p,https://olimpica.vteximg.com.br/arquivos/ids/638203-300-300/7702057707057.jpg
2026-10-08,Locatel,ATORVASTATINA,40 MG,Atorvastatina 40Mg X 10 Tabletas,Genfar,CAJA X 10 TABLETAS,10,55500,55500,5550.0,https://www.locatelcolombia.com/7705959012755-atorvastatina-40mg-x-10-tabletas/p,https://locatelcolombia.vteximg.com.br/arquivos/ids/191410-300-300/7705959012755.png
2026-10-08,Olímpica,ATORVASTATINA,40 MG,Atorvastatina Genfar 40 Mg Caja X 10 Tabletas,Wintroph,CAJA X 10 TABLETAS,10,58350,58350,5835.0,https://www.olimpica.com/atorvastatina-40-mg-caja-x-10-tabletas-genfar-7705959012755-1269428/p,https://olimpica.vteximg.com.br/arquivos/ids/637219-300-300/7705959012755.jpg
2026-10-08,Locatel,ATORVASTATINA,40 MG,Atorvastatina 40Mg Ag X 10 Tabletas,American Generics,CAJA X 10 TABLETAS,10,59350,59350,5935.0,https://www.locatelcolombia.com/7706569022646-atorvastatina-40mg-ag-x-10-tabletas/p,https://locatelcolombia.vteximg.com.br/arquivos/ids/230654-300-300/7706569022646_1_ATORVASTATINA-40MG-AG-X-10-TABLETAS.jpg
2026-10-08,Olímpica,ATORVASTATINA,40 MG,Atorvastatina 40 Mg American Generics X10 Tabletas,American Generics,CAJA X 10 TABLETAS,10,62850,62850,6285.0,https://www.olimpica.com/atorvastatina-40-mg-caja-x-10-tabletas-american-generics-7706569022646-845465/p,https://olimpica.vteximg.com.br/arquivos/ids/625629-300-300/7706569022646.jpg
2026-10-08,Locatel,ATORVASTATINA,80 MG,Lipitor 80Mg Caja X 30 Tabletas Pfizer,Lipitor,CAJA X 30 TABLETAS,30,307750,307750,10258.33,https://www.locatelcolombia.com/7703283401696-lipitor-80mg-caja-x-30-tabletas-pfizer/p,https://locatelcolombia.vteximg.com.br/arquivos/ids/181260-300-300/7703283401696-1.png
2026-10-08,Olímpica,ATORVASTATINA,80 MG,Lipitor Atorvastatina 80 Mg Caja X 30 Tabletas,Pfizer,CAJA X 30 TAB,30,314200,314200,10473.33,https://www.olimpica.com/lipitor-80-mg-caja-x-30-tab-7703283405755-1279815/p,https://olimpica.vteximg.com.br/arquivos/ids/637535-300-300/7703283405755.jpg
2026-10-08,La Rebaja,AZITROMICINA,500 MG,AZITROMICINA 500 MG (MEMPHIS),MEMPHIS,CAJA X 3 TAB,3,12000,12000,4000.0,https://www.larebajavirtual.com/azitromicina-500-mg-memphis-156439/p,https://copservir.vteximg.com.br/arquivos/ids/1892104-300-300/AZITROMICINA-500-MG--MEMPHIS-_F.png
2026-10-08,Olímpica,AZITROMICINA,500 MG,Azitromicina 500 Mg Genfar X3 Tabletas,Genfar,CAJA X 3 TABLETAS,3,13250,13250,4416.67,https://www.olimpica.com/azitromicina-500-mg-x-3-tabletas-genfar-7702605100491-632383/p,https://olimpica.vteximg.com.br/arquivos/ids/619493-300-300/7702605100491.jpg
2026-10-08,La Rebaja,AZITROMICINA,500 MG,AZITROMICINA 500 MG (GENFAR),GENFAR,CAJA X 3 TAB,3,13320,14800,4440.0,https://www.larebajavirtual.com/azitromicina-500-mg-genfar-38244/p,https://copservir.vteximg.com.br/arquivos/ids/1935433-300-300/AZITROMICINA-500-MG-GENFAR_F.png
2026-10-08,La Rebaja,AZITROMICINA,500 MG,AZITROMICINA 500 MG (COASPHARMA),COASPHARMA,CAJA X 3 TAB,3,14200,14200,4733.33,https://www.larebajavirtual.com/azitromicina-500-mg-coaspharma-22748/p,https://copservir.vteximg.com.br/arquivos/ids/1878161-300-300/AZITROMICINA-500-MG--COASPHARM_F.png
2026-10-08,Olímpica,AZITROMICINA,500 MG,Azitromicina 500 Mg La Santé X3 Tabletas,La Sante Genericos,CAJA X 3 TABLETAS,3,14200,14200,4733.33,https://www.olimpica.com/azitromicina-500-mg-caja-x-3-tabletas-la-sante-7703763700110-636753/p,https://olimpica.vteximg.com.br/arquivos/ids/1837320-300-300/7703763700110.jpg.jpg
2026-10-08,Locatel,AZITROMICINA,500 MG,Genfar Azitromicina 500Mg Caja X 3 Tabletas Recubiertas,Genfar,CAJA X 3 TABLETAS,3,14600,14600,4866.67,https://www.locatelcolombia.com/7702605100491-genfar-azitromicina-500mg-caja-x-3-tabletas-recubiertas/p,https://locatelcolombia.vteximg.com.br/arquivos/ids/229914-300-300/7702605100491_1_GENFAR-AZITROMICINA-500MG-CAJA-X-3-TABLETAS-RECUBIERTAS.jpg
2026-10-08,Locatel,AZITROMICINA,500 MG,Azitromicina 500Mg Caja X 3 Tabletas La Sante,La Sante,CAJA X 3 TABLETAS,3,15850,15850,5283.33,https://www.locatelcolombia.com/7703763700110-azitromicina-500mg-caja-x-3-tabletas-la-sante/p,https://locatelcolombia.vteximg.com.br/arquivos/ids/191355-300-300/7703763700110.png
2026-10-08,Locatel,AZITROMICINA,500 MG,Azitromicina Colmed 500Mg X 3 Capsulas Duras,Colmed,CAJA X 3 CAPSULAS,3,15900,15900,5300.0,https://www.locatelcolombia.com/7703153039325-azitromicina-colmed-500mg-x-3-capsulas-duras/p,https://locatelcolombia.vteximg.com.br/arquivos/ids/230443-300-300/7703153039325_1_AZITROMICINA-COLMED-500MG-X-3-CAPSULAS-DURAS.jpg
2026-10-08,Locatel,AZITROMICINA,500 MG,Azitromicina Mk 500Mg Caja X 3 Tabletas Cubiertas,Azitromicina,CAJA X 3 TABLETAS,3,16000,16000,5333.33,https://www.locatelcolombia.com/7702057070939-azitromicina-mk-500mg-caja-x-3-tabletas-cubiertas-1/p,https://locatelcolombia.vteximg.com.br/arquivos/ids/235031-300-300/7702057070939_1_AZITROMICINA-500MG-CAJA-X-3-TABLETAS.jpg
2026-10-08,La Rebaja,AZITROMICINA,500 MG,AZITROMICINA 500 MG (LA SANTE),LA SANTE,CAJA X 3 TAB,3,16100,16100,5366.67,https://www.larebajavirtual.com/azitromicina-500-mg-la-sante-47434/p,https://copservir.vteximg.com.br/arquivos/ids/1982449-300-300/AZITROMICINA-500-MG--LA-SANTE-_F.png
2026-10-08,Olímpica,AZITROMICINA,500 MG,Azitromicina 500 Mg MK X3 Tabletas,Mkgenerico,CAJA X 3 TABLETAS,3,17100,17100,5700.0,https://www.olimpica.com/azitromicina-500-mg-caja-x-3-tabletas-mk-7702057070939-33972/p,https://olimpica.vteximg.com.br/arquivos/ids/614703-300-300/7702057070939.jpg
2026-10-08,Olímpica,AZITROMICINA,500 MG,Azitromicina 500 Mg American Generics X3 Tabletas,American Generics,CAJA X 3 TABLETAS,3,17600,17600,5866.67,https://www.olimpica.com/azitromicina-500-mg-caja-x-3-tabletas-american-generics-7706569001245-692031/p,https://olimpica.vteximg.com.br/arquivos/ids/895004-300-300/7706569001245.jpg
2026-10-08,La Rebaja,AZITROMICINA,500 MG,AZITROMICINA 500 MG (MK),MK,CAJA X 3 TAB,3,17800,17800,5933.33,https://www.larebajavirtual.com/azitromicina-500-mg-mk-38075/p,https://copservir.vteximg.com.br/arquivos/ids/1982215-300-300/AZITROMICINA-500-MG-MK_F.png
2026-10-08,La Rebaja,AZITROMICINA,500 MG,KROMICIN 500 MG,KROMICIN,CAJA X 3 TAB,3,52200,52200,17400.0,https://www.larebajavirtual.com/kromicin-500-mg-22478/p,https://copservir.vteximg.com.br/arquivos/ids/1975711-300-300/KROMICIN-500-MG_F.png
2026-10-08,Olímpica,AZITROMICINA,500 MG,Tromix Azitromicina 500 Mg Lafrancol X6 Tabletas,Lafrancol Farma,CAJA X 6 TABLETAS,6,124750,124750,20791.67,https://www.olimpica.com/tromix-500-mg-caja-x-6-tabletas-7702870072837-2054664/p,https://olimpica.vteximg.com.br/arquivos/ids/645741-300-300/7702870072837.jpg
2026-10-08,Olímpica,AZITROMICINA,500 MG,Tromix Azitromicina 500 Mg Lafrancol X3 Tabletas,Lafrancol Farma,CAJA X 3 TABLETAS,3,109250,109250,36416.67,https://www.olimpica.com/tromix-500-mg-caja-x-3-tabletas-7702870000649-491073/p,https://olimpica.vteximg.com.br/arquivos/ids/618258-300-300/7702870000649.jpg
2026-10-08,La Rebaja,AZITROMICINA,500 MG,ZITROMAX TAB 500 MG,ZITROMAX,CAJA X 3 TAB,3,135000,135000,45000.0,https://www.larebajavirtual.com/zitromax-tab-500-mg-17303/p,https://copservir.vteximg.com.br/arquivos/ids/1944245-300-300/ZITROMAX-TAB-500-MG_F.png
2026-10-08,Locatel,AZITROMICINA,500 MG,Zitromax 500Mg Caja X 3 Tabletas Pfizer,Zitromax,CAJA X 3 TABLETAS,3,136750,136750,45583.33,https://www.locatelcolombia.com/7703283115029-zitromax-500mg-caja-x-3-tabletas-pfizer/p,https://locatelcolombia.vteximg.com.br/arquivos/ids/191248-300-300/7703283115029.png
2026-10-08,Olímpica,CETIRIZINA,10 MG,Cetirizina 10 Mg American Generics X10 Tabletas,American Generics,CAJA X 10 TABLETAS,10,6900,6900,690.0,https://www.olimpica.com/cetirizina-10-mg-caja-x-10-tabletas-american-generics-7706569001467-1097043/p,https://olimpica.vteximg.com.br/arquivos/ids/895083-300-300/7706569001467.jpg
2026-10-08,Locatel,CETIRIZINA,10 MG,Cetirizina 10Mg Ag X 10 Tabletas,American Generics,CAJA X 10 TABLETAS,10,6950,6950,695.0,https://www.locatelcolombia.com/7706569001467-cetirizina-10mg-ag-x-10-tabletas/p,https://locatelcolombia.vteximg.com.br/arquivos/ids/230706-300-300/7706569001467_1_CETIRIZINA-10MG-AG-X-10-TABLETAS.jpg
2026-10-08,La Rebaja,CETIRIZINA,10 MG,CETIRIZINA 10 MG (AG),AG,CAJA X 10 TAB,10,7200,7200,720.0,https://www.larebajavirtual.com/cetirizina-10-mg-ag-58095/p,https://copservir.vteximg.com.br/arquivos/ids/1880871-300-300/CETIRIZINA-10-MG_F.png
2026-10-08,Olímpica,CETIRIZINA,10 MG,Cetirizina 10 Mg La Santé X10 Tabletas,La Sante Genericos,CAJA X 10 TABLETAS,10,7800,7800,780.0,https://www.olimpica.com/cetirizina-10-mg-caja-x-10-tabletas-la-sante-7703763610129-139060/p,https://olimpica.vteximg.com.br/arquivos/ids/1837310-300-300/7703763610129.jpg.jpg
2026-10-08,La Rebaja,CETIRIZINA,10 MG,CETIRIZINA 10 MG (GENFAR),GENFAR,CAJA X 10 TAB,10,7900,9300,790.0,https://www.larebajavirtual.com/cetirizina-10-mg-genfar-32956/p,https://copservir.vteximg.com.br/arquivos/ids/1935379-300-300/CETIRIZINA-REC-10-MG--GENFAR-_F.png
2026-10-08,Locatel,CETIRIZINA,10 MG,Cetirizina 10Mg Caja X 10 Tabletas La Sante,La Sante,CAJA X 10 TABLETAS,10,8850,8850,885.0,https://www.locatelcolombia.com/7703763610129-cetirizina-10mg-caja-x-10-tabletas-la-sante/p,https://locatelcolombia.vteximg.com.br/arquivos/ids/184809-300-300/7703763610129-1.png
2026-10-08,La Rebaja,CETIRIZINA,10 MG,CETIRIZINA 10 MG (LA SANTE),LA SANTE,CAJA X 10 TAB,10,8900,8900,890.0,https://www.larebajavirtual.com/cetirizina-10-mg-la-sante-35623/p,https://copservir.vteximg.com.br/arquivos/ids/1974065-300-300/CETIRIZINA-10-MG--LA-SANTE-_F.png
2026-10-08,Locatel,CETIRIZINA,10 MG,Genfar Cetirizina 10Mg Caja X 10 Tabletas Recubiertas,Genfar,CAJA X 10 TABLETAS,10,8900,8900,890.0,https://www.locatelcolombia.com/7702605102693-genfar-cetirizina-10mg-caja-x-10-tabletas-recubiertas/p,https://locatelcolombia.vteximg.com.br/arquivos/ids/184995-300-300/7702605102693.png
2026-10-08,Locatel,CETIRIZINA,10 MG,Cetirizina Mk 10Mg Caja X 10 Tabletas Recubiertas,Mk,CAJA X 10 TABLETAS,10,8950,8950,895.0,https://www.locatelcolombia.com/7702057078584-cetirizina-mk-10mg-caja-x-10-tabletas-recubiertas-1/p,https://locatelcolombia.vteximg.com.br/arquivos/ids/273180-300-300/7702057078584_1_CETIRIZINA-MK-10MG-CAJA-X-10-TABLETAS-RECUBIERTAS.jpg
2026-10-08,Olímpica,CETIRIZINA,10 MG,Cetirizina 10 Mg MK X10 Tabletas,Mkgenerico,CAJA X 10 TABLETAS,10,10050,10050,1005.0,https://www.olimpica.com/cetirizina-10-mg-caja-x-10-tabletas-mk-7702057078584-1603820/p,https://olimpica.vteximg.com.br/arquivos/ids/643737-300-300/7702057078584.jpg
2026-10-08,La Rebaja,CETIRIZINA,10 MG,CETIRIZINA 10 MG (MK),MK,CAJA X 10 TAB,10,11500,11500,1150.0,https://www.larebajavirtual.com/cetirizina-10-mg-mk-68029/p,https://copservir.vteximg.com.br/arquivos/ids/1982581-300-300/CETIRIZINA-10-MG--MK-_F.png
2026-10-08,La Rebaja,CETIRIZINA,10 MG,ZIRIN 10 MG (CETIRIZINA),ZIRIN,CAJA X 10 CAP,10,14700,14700,1470.0,https://www.larebajavirtual.com/zirin-10-mg-157777/p,https://copservir.vteximg.com.br/arquivos/ids/1963410-300-300/ZIRIN-10-MG--CETIRIZINA-_F.png
2026-10-08,La Rebaja,CETIRIZINA,10 MG,ALLERZITINA 10MG,ALLERZITINA,CAJA X 10 UND,10,30400,30400,3040.0,https://www.larebajavirtual.com/allerzitina-10mg-121819/p,https://copservir.vteximg.com.br/arquivos/ids/1944364-300-300/ALLERZITINA-10MG_F.png
2026-10-08,Locatel,CETIRIZINA,10 MG,Allerzitina 10Mg X 10 Tabletas,Allerzitina,CAJA X 10 TABLETAS,10,34000,34000,3400.0,https://www.locatelcolombia.com/7702870072509-allerzitina-10mg-x-10-tabletas/p,https://locatelcolombia.vteximg.com.br/arquivos/ids/309959-300-300/7702870072509_1_ALLERZITINA-10MG-X-10-TABLETAS.jpg
2026-10-08,La Rebaja,CETIRIZINA,10 MG,ZYRFAR 10 MG,ZYRFAR,CAJA X 10 TAB,10,50900,50900,5090.0,https://www.larebajavirtual.com/zyrfar-10-mg-37250/p,https://copservir.vteximg.com.br/arquivos/ids/1979963-300-300/ZYRFAR-10-MG_F.png
2026-10-08,Locatel,CETIRIZINA,10 MG,Cetirax 10Mg Caja X 10 Tabletas,Pauly,CAJA X 10 TABLETAS,10,81600,81600,8160.0,https://www.locatelcolombia.com/7703178000508-cetirax-10mg-caja-x-10-tabletas/p,https://locatelcolombia.vteximg.com.br/arquivos/ids/186031-300-300/7703178000508.png
2026-10-08,La Rebaja,CETIRIZINA,10 MG,ALERCET 10 MG,ALERCET,CAJA X 10 CAP,10,85900,85900,8590.0,https://www.larebajavirtual.com/alercet-28102/p,https://copservir.vteximg.com.br/arquivos/ids/1982161-300-300/ALERCET-CAP-BLANDA-GELATINA_F.png
2026-10-08,Locatel,CETIRIZINA,10 MG,Alercet 10Mg X 10 Capsulas,Alercet,CAJA X 10 CAPSULAS,10,88850,88850,8885.0,https://www.locatelcolombia.com/7703153031336-alercet-10mg-x-10-capsulas/p,https://locatelcolombia.vteximg.com.br/arquivos/ids/208678-300-300/7703153031336_ALERCET-10MG-X-10-CAPSULAS-.png
2026-10-08,La Rebaja,DICLOFENACO,100 MG,DICLOFENACO 100 MG (AG),AG,CAJA X 20 TAB,20,15100,15100,755.0,https://www.larebajavirtual.com/diclofenaco-100-mg-ag-61094/p,https://copservir.vteximg.com.br/arquivos/ids/1881028-300-300/DICLOFENACO-100-MG_F.png
2026-10-08,Olímpica,DICLOFENACO,100 MG,Diclofenaco Ret 100Mg X 20 Tab,Sin Marca,CAJA X 20 TAB,20,16050,16050,802.5,https://www.olimpica.com/diclofenaco-ret-100mg-x-20-tab/p,https://olimpica.vteximg.com.br/arquivos/ids/1837275-300-300/7703763280230.jpg.jpg
2026-10-08,Locatel,DICLOFENACO,100 MG,Diclofenaco 100 Mg X 20 Capsulas,American Generics,CAJA X 20 CAPSULAS,20,16950,16950,847.5,https://www.locatelcolombia.com/7706569000958-diclofenaco-100-mg-x-20-capsulas/p,https://locatelcolombia.vteximg.com.br/arquivos/ids/185217-300-300/7706569000958.png
2026-10-08,La Rebaja,DICLOFENACO,100 MG,DICLOFENACO RETARD 100 MG (LA SANTE),LA SANTE,CAJA X 20 TAB,20,18500,18500,925.0,https://www.larebajavirtual.com/diclofenaco-retard-100-mg-la-sante-38420/p,https://copservir.vteximg.com.br/arquivos/ids/1974072-300-300/DICLOFENACO-RETARD-100-LASANTE_F.png
2026-10-08,Olímpica,DICLOFENACO,100 MG,Diclofenaco 100 Mg MK X20 Cápsulas,Mkgenerico,CAJA X 20 CAP,20,21550,21550,1077.5,https://www.olimpica.com/diclofenaco-retard-100-mg-caja-x-20-cap-mk-7702057072230-530939/p,https://olimpica.vteximg.com.br/arquivos/ids/618670-300-300/7702057072230.jpg
2026-10-08,Locatel,DICLOFENACO,100 MG,Diclofenaco Mk Retard 100Mg Caja X 20 Capsulas Liberacion Prolongada,Mk,CAJA X 20 CAPSULAS,20,21950,21950,1097.5,https://www.locatelcolombia.com/7702057072230-diclofenaco-mk-retard-100mg-caja-x-20-capsulas-liberacion-prolongada-1/p,https://locatelcolombia.vteximg.com.br/arquivos/ids/273116-300-300/7702057072230_1_DICLOFENACO-MK-RETARD-100MG-X-20-CAPSULAS-LIBERACION-PROLONGADA.jpg
2026-10-08,La Rebaja,DICLOFENACO,100 MG,DICLOFENACO RET 100 MG (MK),MK,CAJA X 20 TAB,20,24000,24000,1200.0,https://www.larebajavirtual.com/diclofenaco-ret-100-mg-mk-42994/p,https://copservir.vteximg.com.br/arquivos/ids/1982343-300-300/DICLOFENACO-RET-100-MG--MK-_F.png
2026-10-08,Olímpica,DICLOFENACO,50 MG,Diclofenaco Sódico 50 Mg La Santé X20 Tabletas,La Sante Genericos,CAJA X 20 TABLETAS,20,4050,4050,202.5,https://www.olimpica.com/diclofenaco-50-mg-caja-x-20-tabletas-la-sante-7703763280612-74029/p,https://olimpica.vteximg.com.br/arquivos/ids/1837276-300-300/7703763280612.jpg.jpg
2026-10-08,Locatel,DICLOFENACO,50 MG,Diclofenaco 50Mg X 20 Tabletas,La Sante,CAJA X 20 TABLETAS,20,4300,4300,215.0,https://www.locatelcolombia.com/7703763280612-diclofenaco-50mg-x-20-tabletas/p,https://locatelcolombia.vteximg.com.br/arquivos/ids/185141-300-300/7703763280612.png
2026-10-08,Olímpica,DICLOFENACO,50 MG,Diclofenaco 50 Mg MK X20 Tabletas,Mkgenerico,CAJA X 20 TABLETAS,20,4400,4400,220.0,https://www.olimpica.com/diclofenaco-50-mg-caja-x-20-tabletas-mk-7702057072193-74184/p,https://olimpica.vteximg.com.br/arquivos/ids/615418-300-300/7702057072193.jpg
2026-10-08,Olímpica,DICLOFENACO,50 MG,Diclofenaco 50 Mg Genfar X30 Tabletas,Genfar,CAJA X 30 TABLETAS,30,6700,6700,223.33,https://www.olimpica.com/diclofenaco-50-mg-caja-x-30-tabletas-genfar-7702605100866-555312/p,https://olimpica.vteximg.com.br/arquivos/ids/618946-300-300/7702605100866.jpg
2026-10-08,La Rebaja,DICLOFENACO,50 MG,DICLOFENACO 50 MG ( LA SANTE),LA SANTE,Caja X 20.00 Tab,20,5100,5100,255.0,https://www.larebajavirtual.com/diclofenaco-50-mg-la-sante-40545/p,https://copservir.vteximg.com.br/arquivos/ids/1974084-300-300/DICLOFENACO-50-MG-LA-SANT_F.png
2026-10-08,La Rebaja,DICLOFENACO,50 MG,DICLOFENACO 50 MG (GENFAR),GENFAR,CAJA X 30 TAB,30,8200,8200,273.33,https://www.larebajavirtual.com/diclofenaco-50-mg-genfar-38210/p,https://copservir.vteximg.com.br/arquivos/ids/1935424-300-300/DICLOFENACO-50-MG-GENFAR_F.png
2026-10-08,La Rebaja,DICLOFENACO,50 MG,DICLOFENACO 50 MG (MK),MK,CAJA X 20 TAB,20,5500,5500,275.0,https://www.larebajavirtual.com/diclofenaco-50-mg-mk-38076/p,https://copservir.vteximg.com.br/arquivos/ids/1982218-300-300/DICLOFENACO-50-MG--MK-_F.png
2026-10-08,Locatel,DICLOFENACO,50 MG,Diclofenaco Mk 50Mg Caja X 20 Tabletas Cubiertas,Mk,CAJA X 20 TABLETAS,20,5900,5900,295.0,https://www.locatelcolombia.com/7702057072193-diclofenaco-mk-50mg-caja-x-20-tabletas-cubiertas/p,https://locatelcolombia.vteximg.com.br/arquivos/ids/184379-300-300/7702057072193.png
2026-10-08,La Rebaja,DICLOFENACO,50 MG,DICLOFENACO 50 MG (COASPHARMA),COASPHARMA,CAJA X 20 TAB,20,6100,6100,305.0,https://www.larebajavirtual.com/diclofenaco-50-mg-coaspharma-33662/p,https://copservir.vteximg.com.br/arquivos/ids/1878864-300-300/DICLOFENACO-50-MG--COASPHARMA-_F.png
2026-10-08,Locatel,DICLOFENACO,50 MG,Voltaren 50Mg,Voltaren,CAJA X 30 GRAGEAS,30,85950,85950,2865.0,https://www.locatelcolombia.com/7702635122029-voltaren-50mg/p,https://locatelcolombia.vteximg.com.br/arquivos/ids/185468-300-300/7702635122029.png
2026-10-08,Olímpica,ENALAPRIL,20 MG,ENALAPRIL 20 MG CJ X 30 TAB MK,Sin Marca,CAJA X 30 TAB,30,7450,7450,248.33,https://www.olimpica.com/enalapril-20-mg-cj-x-30-tab-mk/p,https://olimpica.vteximg.com.br/arquivos/ids/1056234-300-300/7702057715151.jpg
2026-10-08,Olímpica,ENALAPRIL,20 MG,ENALAPRIL 20MG CJ X 30 TAB MK,ENALAPRIL,CAJA X 30 TAB,30,11550,11550,385.0,https://www.olimpica.com/enalapril-20mg-cj-x-30-tab-mk/p,https://olimpica.vteximg.com.br/arquivos/ids/1857946-300-300/7702057716578.jpg
2026-10-08,La Rebaja,ENALAPRIL,20 MG,ENALAPRIL 20 MG (COASPHARMA),COASPHARMA,CAJA X 20 TAB,20,8400,8400,420.0,https://www.larebajavirtual.com/enalapril-20-mg-coaspharma-33665/p,https://copservir.vteximg.com.br/arquivos/ids/1878868-300-300/ENALAPRIL-20-MG--COASPHARMA-_F.png
2026-10-08,Locatel,ENALAPRIL,20 MG,Enalapril Mk 20Mg Caja X 30 Tabletas,Mk,CAJA X 30 TABLETAS,30,12900,12900,430.0,https://www.locatelcolombia.com/7702057715151-enalapril-mk-20mg-caja-x-30-tabletas/p,https://locatelcolombia.vteximg.com.br/arquivos/ids/277859-300-300/7702057715151_1_ENALAPRIL-20MG-MK-X-30-TABLETAS.jpg
2026-10-08,La Rebaja,ENALAPRIL,20 MG,ENALAPRIL 20 MG (MK),MK,CAJA X 30 TAB,30,14800,14800,493.33,https://www.larebajavirtual.com/enalapril-20-mg-mk-150528/p,https://copservir.vteximg.com.br/arquivos/ids/1983284-300-300/ENALAPRIL-20-MG--MK-_F.png
2026-10-08,La Rebaja,ENALAPRIL,5 MG,ENALAPRIL 5 MG (COASPHARMA),COASPHARMA,CAJA X 50 TAB,50,12800,12800,256.0,https://www.larebajavirtual.com/kit-enalapril-5-mg-coaspharma-13269/p,https://copservir.vteximg.com.br/arquivos/ids/1943979-300-300/ENALAPRIL-5-MG--COASPHARMA-_F.png
2026-10-08,La Rebaja,ENALAPRIL,5 MG,ENALAPRIL 5 MG (COASPHARMA),COASPHARMA,BLISTER X 10,10,2600,2600,260.0,https://www.larebajavirtual.com/enalapril-5-mg-coaspharma-13269/p,https://copservir.vteximg.com.br/arquivos/ids/1943978-300-300/ENALAPRIL-5-MG--COASPHARMA-_F.jpg
2026-10-08,Olímpica,ENALAPRIL,5 MG,ENALAPRIL 5 MG CAJA X 50 TABLETAS,ENALAPRIL,CAJA X 50 TABLETAS,50,18050,18050,361.0,https://www.olimpica.com/enalapril-5-mg-caja-x-50-tableta-mk/p,https://olimpica.vteximg.com.br/arquivos/ids/1472599-300-300/7702057716486.jpg
2026-10-08,Locatel,ENALAPRIL,5 MG,Enalapril Mk 5Mg Caja X 50 Tabletas,Mk,CAJA X 50 TABLETAS,50,18950,18950,379.0,https://www.locatelcolombia.com/7702057072629-enalapril-mk-5mg-caja-x-50-tabletas/p,https://locatelcolombia.vteximg.com.br/arquivos/ids/180254-300-300/7702057072629.png
2026-10-08,La Rebaja,ENALAPRIL,5 MG,ENALAPRIL 5 MG (MK),MK,CAJA X 50 TAB,50,20800,20800,416.0,https://www.larebajavirtual.com/kit-enalapril-5-mg-mk-42972/p,https://copservir.vteximg.com.br/arquivos/ids/1982307-300-300/ENALAPRIL-5-MG--MK-_F.png
2026-10-08,La Rebaja,ENALAPRIL,5 MG,ENALAPRIL 5 MG (MK),MK,BLISTER X 10,10,4200,4200,420.0,https://www.larebajavirtual.com/enalapril-5-mg-mk-42972/p,https://copservir.vteximg.com.br/arquivos/ids/1982304-300-300/ENALAPRIL-5-MG--MK-_F.png
2026-10-08,Locatel,ENALAPRIL,5 MG,Renitec 5mg X 30 Tabletas,Organon,CAJA X 30 TABLETAS,30,108000,108000,3600.0,https://www.locatelcolombia.com/7897337716123-renitec-5mg-x-30-tabletas/p,https://locatelcolombia.vteximg.com.br/arquivos/ids/403997-300-300/7897337716123_1_Renitec 5mg X 30 Tabletas.jpg
2026-10-08,Locatel,ESOMEPRAZOL,20 MG,Esomeprazol 20Mg Caja X 30 Tabletas,Procaps,CAJA X 30 TABLETAS,30,55550,55550,1851.67,https://www.locatelcolombia.com/7703153022068-esomeprazol-20mg-caja-x-30-tabletas-1/p,https://locatelcolombia.vteximg.com.br/arquivos/ids/185055-300-300/7703153022068.png
2026-10-08,Locatel,ESOMEPRAZOL,20 MG,Esomeprazol A.G 20mg X 30 Tabletas,American Generics,CAJA X 30 TABLETAS,30,74600,74600,2486.67,https://www.locatelcolombia.com/7706569854162-esomeprazol-a-g-20mg-x-30-tabletas/p,https://locatelcolombia.vteximg.com.br/arquivos/ids/398883-300-300/7706569854162_1_Esomeprazol-A.G-20mg-X-30-tabletas.jpg
2026-10-08,Locatel,ESOMEPRAZOL,20 MG,Esomeprazol 20Mg La Sante X 30 Tabletas,La Sante,CAJA X 30 TABLETAS,30,79950,79950,2665.0,https://www.locatelcolombia.com/7703763429790-esomeprazol-20mg-la-sante-x-30-tabletas/p,https://locatelcolombia.vteximg.com.br/arquivos/ids/235746-300-300/7703763389391_1_ESOMEPRAZOL-20MG-LA-SANTE-X-30-TABLETAS.jpg
2026-10-08,Olímpica,ESOMEPRAZOL,20 MG,Esomeprazol 20 Mg X30 Tabletas,La Sante Genericos,CAJA X 30 TAB,30,84100,84100,2803.33,https://www.olimpica.com/esomeprazol-20-mg-cj-x-30-tab-ls-7703763429790-2197084/p,https://olimpica.vteximg.com.br/arquivos/ids/1837292-300-300/7703763429790.jpg.jpg
2026-10-08,Olímpica,ESOMEPRAZOL,20 MG,ESOMEPRAZOL 20 MG CJ X 30 TAB AG,Sin Marca,CAJA X 30 TAB,30,88100,88100,2936.67,https://www.olimpica.com/esomeprazol-20-mg-cj-x-30-tab-ag/p,https://olimpica.vteximg.com.br/arquivos/ids/1155361-300-300/7706569854162.jpg
2026-10-08,Olímpica,ESOMEPRAZOL,20 MG,Esomeprazol Genfar 20 Mg Caja X 10 Tabletas,Genfar,CAJA X 10 TABLETAS,10,33650,33650,3365.0,https://www.olimpica.com/esomeprazol-20-mg-caja-x-10-tabletas-genfar-7702605105618-1203269/p,https://olimpica.vteximg.com.br/arquivos/ids/635357-300-300/7702605105618.jpg
2026-10-08,Locatel,ESOMEPRAZOL,20 MG,Esomeprazol Mk 20Mg X 30 Tabletas Cubiertas,Mk,CAJA X 30 TABLETAS,30,104950,104950,3498.33,https://www.locatelcolombia.com/7702057708993-esomeprazol-mk-20mg-x-30-tabletas-cubiertas-1/p,https://locatelcolombia.vteximg.com.br/arquivos/ids/203374-300-300/7702057708993-ESOMEPRAZOL-MK-20MG-X-30-TABLETAS.png
2026-10-08,La Rebaja,ESOMEPRAZOL,20 MG,ESOMEPRAZOL 20 MG (AG),AG,CAJA X 14 TAB,14,49300,49300,3521.43,https://www.larebajavirtual.com/esomeprazol-20-mg-ag-18141/p,https://copservir.vteximg.com.br/arquivos/ids/1877692-300-300/ESOMEPRAZOL-20-MG--AG-_F.png
2026-10-08,Locatel,ESOMEPRAZOL,20 MG,Esomeprazol Mk 20Mg Caja X 10 Tabletas Cubiertas,Mk,CAJA X 10 TABLETAS,10,36700,36700,3670.0,https://www.locatelcolombia.com/7702057076962-esomeprazol-mk-20mg-caja-x-10-tabletas-cubiertas-1/p,https://locatelcolombia.vteximg.com.br/arquivos/ids/187623-300-300/7702057076962.png
2026-10-08,Locatel,ESOMEPRAZOL,20 MG,Esomeprazol 20Mg Ag X 14 Tabletas,American Generics,CAJA X 14 TABLETAS,14,51950,51950,3710.71,https://www.locatelcolombia.com/7706569021755-esomeprazol-20mg-ag-x-14-tabletas/p,https://locatelcolombia.vteximg.com.br/arquivos/ids/230625-300-300/7706569021755_1_ESOMEPRAZOL-20MG-AG-X-14-TABLETAS.jpg
2026-10-08,Olímpica,ESOMEPRAZOL,20 MG,Esomeprazol 20 Mg MK X30 Tabletas,Mkgenerico,CAJA X 30 TABLETAS,30,113250,113250,3775.0,https://www.olimpica.com/esomeprazol-20-mg-ca-x-30-tabletas-mk-7702057708993-2030689/p,https://olimpica.vteximg.com.br/arquivos/ids/645146-300-300/7702057708993.jpg
2026-10-08,Olímpica,ESOMEPRAZOL,20 MG,Esomeprazol AG 20 Mg Caja X 14 Tabletas,American Generics,CAJA X 14 TABLETAS,14,53100,53100,3792.86,https://www.olimpica.com/esomeprazol-20-mg-caja-x-14-tabletas-american-generics-7706569021755-1592203/p,https://olimpica.vteximg.com.br/arquivos/ids/895151-300-300/7706569021755.jpg
2026-10-08,La Rebaja,ESOMEPRAZOL,20 MG,ESOMEPRAZOL 20 MG (MK),MK,CAJA X 30 TAB,30,118100,118100,3936.67,https://www.larebajavirtual.com/esomeprazol-20-mg-mk-119924/p,https://copservir.vteximg.com.br/arquivos/ids/1982923-300-300/ESOMEPRAZOL-20-MG--MK-_F.png
2026-10-08,La Rebaja,ESOMEPRAZOL,20 MG,ESOMEPRAZOL 20 MG (MK),MK,CAJA X 10 TAB,10,39800,39800,3980.0,https://www.larebajavirtual.com/esomeprazol-20-mg-mk-59788/p,https://copservir.vteximg.com.br/arquivos/ids/1982537-300-300/ESOMEPRAZOL-20-MG--MK-_F.png
2026-10-08,Locatel,ESOMEPRAZOL,20 MG,Esomed 20Mg Caja X 28 Capsulas,Esomed,CAJA X 28 CAPSULAS,28,144950,144950,5176.79,https://www.locatelcolombia.com/7703546028288-esomed-20mg-caja-x-28-capsulas/p,https://locatelcolombia.vteximg.com.br/arquivos/ids/229984-300-300/7703546028288_1_ESOMED-20MG-CAJA-X-28-CAPSULAS.jpg
2026-10-08,Locatel,ESOMEPRAZOL,20 MG,Nexium Mups 20 Mg Caja X 28 Comprimidos,astrazeneca,CAJA X 28 COMPRIMIDOS,28,198150,198150,7076.79,https://www.locatelcolombia.com/7321831621886-nexium-mups-20-mg-caja-x-28-comprimidos/p,https://locatelcolombia.vteximg.com.br/arquivos/ids/176561-300-300/7321831621886-1.png
2026-10-08,Locatel,ESOMEPRAZOL,40 MG,Esomeprazol 40 Mg Caja X 30 Tabletas,Procaps,CAJA X 30 TABLETAS,30,64800,64800,2160.0,https://www.locatelcolombia.com/7703153022075-esomeprazol-40-mg-caja-x-30-tabletas-1/p,https://locatelcolombia.vteximg.com.br/arquivos/ids/185059-300-300/7703153022075.png
2026-10-08,Olímpica,ESOMEPRAZOL,40 MG,Esomeprazol 40 Mg Colmed X30 Tabletas,Colmed,CAJA X 30 TABLETAS,30,65700,65700,2190.0,https://www.olimpica.com/esomeprazol-40-mg-caja-x-30-tabletasleta-cmd-7703153022075-1561423/p,https://olimpica.vteximg.com.br/arquivos/ids/643174-300-300/7703153022075.jpg
2026-10-08,Locatel,ESOMEPRAZOL,40 MG,Esomeprazol A.G 40mg X 30 Tabletas,American Generics,CAJA X 30 TABLETAS,30,85650,85650,2855.0,https://www.locatelcolombia.com/7706569154606-esomeprazol-a-g-40mg-x-30-tabletas/p,https://locatelcolombia.vteximg.com.br/arquivos/ids/398881-300-300/7706569154606_1_Esomeprazol-A.G-40mg-X-30-tabletas.jpg
2026-10-08,Olímpica,ESOMEPRAZOL,40 MG,ESOMEPRAZOL 40 MG CJ X 30 TAB LS,Sin Marca,CAJA X 30 TAB,30,95050,95050,3168.33,https://www.olimpica.com/esomeprazol-40-mg-cj-x-30-tab-ls/p,https://olimpica.vteximg.com.br/arquivos/ids/1837318-300-300/7703763666263.jpg.jpg
2026-10-08,La Rebaja,ESOMEPRAZOL,40 MG,ESOMEPRAZOL 40 MG (LA SANTE),LA SANTE,CAJA X 30 TAB,30,95400,95400,3180.0,https://www.larebajavirtual.com/esomeprazol-40-mg-la-sante-150827/p,https://copservir.vteximg.com.br/arquivos/ids/1965237-300-300/ESOMEPRAZOL-40-MG--LA-SANTE-_F.png
2026-10-08,Locatel,ESOMEPRAZOL,40 MG,Esomeprazol La Sante 40Mg X 30 Tabletas,La Sante,CAJA X 30 TABLETAS,30,97450,97450,3248.33,https://www.locatelcolombia.com/7703763666263-esomeprazol-la-sante-40mg-x-30-tabletas/p,https://locatelcolombia.vteximg.com.br/arquivos/ids/287420-300-300/7703763666263_1_ESOMEPRAZOL-LA-SANTE-40MG-X-30-TABLETAS.jpg
2026-10-08,Olímpica,ESOMEPRAZOL,40 MG,ESOMEPRAZOL 40 MG CJ X 30 TAB AG,Sin Marca,CAJA X 30 TAB,30,97500,97500,3250.0,https://www.olimpica.com/esomeprazol-40-mg-cj-x-30-tab-ag/p,https://olimpica.vteximg.com.br/arquivos/ids/1155362-300-300/7706569154606.jpg
2026-10-08,Locatel,ESOMEPRAZOL,40 MG,Esomeprazol 40Mg Ag X 14 Tabletas,American Generics,CAJA X 14 TABLETAS,14,49950,49950,3567.86,https://www.locatelcolombia.com/7706569021762-esomeprazol-40mg-ag-x-14-tabletas/p,https://locatelcolombia.vteximg.com.br/arquivos/ids/230626-300-300/7706569021762_1_ESOMEPRAZOL-40MG-AG-X-14-TABLETAS.jpg
2026-10-08,Locatel,ESOMEPRAZOL,40 MG,Esomeprazol Mk 40Mg Caja X 30 Tabletas,Mk,CAJA X 30 TABLETAS,30,110400,110400,3680.0,https://www.locatelcolombia.com/7702057709006-esomeprazol-mk-40mg-caja-x-30-tabletas--1/p,https://locatelcolombia.vteximg.com.br/arquivos/ids/203375-300-300/7702057709006-ESOMEPRAZOL-MK-40MG-X-30-TABLETAS.png
2026-10-08,Locatel,ESOMEPRAZOL,40 MG,Esomeprazol Mk 40Mg Tab Caja X 10 Tabletas Cubiertas,Mk,CAJA X 10 TABLETAS,10,37950,37950,3795.0,https://www.locatelcolombia.com/7702057074630-esomeprazol-mk-40mg-tab-caja-x-10-tabletas-cubiertas-1/p,https://locatelcolombia.vteximg.com.br/arquivos/ids/184430-300-300/7702057074630.png
2026-10-08,Olímpica,ESOMEPRAZOL,40 MG,Esomeprazol 40 Mg MK X30 Tabletas,Mkgenerico,CAJA X 30 TABLETAS,30,116750,116750,3891.67,https://www.olimpica.com/esomeprazol-40mg-caja-x-30-tabletas-mk-7702057709006-2030697/p,https://olimpica.vteximg.com.br/arquivos/ids/645147-300-300/7702057709006.jpg
2026-10-08,La Rebaja,ESOMEPRAZOL,40 MG,ESOMEPRAZOL 40 MG (MK),MK,CAJA X 30 TAB,30,119500,119500,3983.33,https://www.larebajavirtual.com/esomeprazol-40-mg-mk-119842/p,https://copservir.vteximg.com.br/arquivos/ids/1982911-300-300/ESOMEPRAZOL-40-MG--MK-_F.png
2026-10-08,La Rebaja,ESOMEPRAZOL,40 MG,ESOMEPRAZOL 40 MG (MK),MK,CAJA X 10 TAB,10,41700,41700,4170.0,https://www.larebajavirtual.com/esomeprazol-40-mg-mk-47496/p,https://copservir.vteximg.com.br/arquivos/ids/1982457-300-300/ESOMEPRAZOL-40-MG-MK_F.png
2026-10-08,Olímpica,ESOMEPRAZOL,40 MG,Esomeprazol AG 40 Mg Caja X 14 Tabletas,American Generics,CAJA X 14 TABLETAS,14,58500,58500,4178.57,https://www.olimpica.com/esomeprazol-40-mg-caja-x-14-tabletas-american-generics-7706569021762-1592204/p,https://olimpica.vteximg.com.br/arquivos/ids/643566-300-300/7706569021762.jpg
2026-10-08,Locatel,ESOMEPRAZOL,40 MG,Ezolium 40Mg Caja X 90 Capsulas,Ezolium,CAJA X 90 CAPSULAS,90,403450,403450,4482.78,https://www.locatelcolombia.com/7703153030964-ezolium-40mg-caja-x-90-capsulas-1/p,https://locatelcolombia.vteximg.com.br/arquivos/ids/191998-300-300/7703153030964.png
2026-10-08,La Rebaja,ESOMEPRAZOL,40 MG,ESOMED 40 MG,ESOMED,Caja X 28.00 Tab,28,165550,165550,5912.5,https://www.larebajavirtual.com/esomed-40-mg-30530/p,https://copservir.vteximg.com.br/arquivos/ids/1878677-300-300/ESOMED-40-MG_F.png
2026-10-08,Locatel,ESOMEPRAZOL,40 MG,Esomed 40Mg Caja X 28 Capsulas,Esomed,CAJA X 28 CAPSULAS,28,167700,167700,5989.29,https://www.locatelcolombia.com/7703546029285-esomed-40mg-caja-x-28-capsulas/p,https://locatelcolombia.vteximg.com.br/arquivos/ids/229986-300-300/7703546029285_1_ESOMED-40MG-CAJA-X-28-CAPSULAS.jpg
2026-10-08,La Rebaja,ESOMEPRAZOL,40 MG,ESOZ 40 MG,ESOZ,CAJA X 30 CAP,30,214000,214000,7133.33,https://www.larebajavirtual.com/esoz-40-mg-104102/p,https://copservir.vteximg.com.br/arquivos/ids/1920019-300-300/ESOZ-40-MG_F.png
2026-10-08,La Rebaja,ESOMEPRAZOL,40 MG,EZOLIUM 40 MG,EZOLIUM,FRASCO X 30 CAP,30,216400,216400,7213.33,https://www.larebajavirtual.com/ezolium-40-mg-110290/p,https://copservir.vteximg.com.br/arquivos/ids/1883079-300-300/EZOLIUM-40-MG_F.png
2026-10-08,Locatel,ESOMEPRAZOL,40 MG,Nexium Mups 40Mg Caja X 28 Comprimidos,astrazeneca,CAJA X 28 COMPRIMIDOS,28,233900,233900,8353.57,https://www.locatelcolombia.com/7321831621930-nexium-mups-40mg-caja-x-28-comprimidos-1/p,https://locatelcolombia.vteximg.com.br/arquivos/ids/224563-300-300/7321831621930_1_NEXIUM-MUPS-40MG-CAJA-X-28-COMPRIMIDOS.jpg
2026-10-08,Locatel,ESOMEPRAZOL,40 MG,Nexium Mups 40Mg Caja X 14 Capsulas,astrazeneca,CAJA X 14 CAPSULAS,14,151750,151750,10839.29,https://www.locatelcolombia.com/7321831621923-nexium-mups-40mg-caja-x-14-capsulas/p,https://locatelcolombia.vteximg.com.br/arquivos/ids/189337-300-300/7321831621923.png
2026-10-08,Locatel,IBUPROFENO,200 MG,Advil Teens 200mg X 10 Capsulas Liquidas,Advil,CAJA X 10 CAPSULAS,10,19500,19500,1950.0,https://www.locatelcolombia.com/7707397792480-advil-teens-200mg-x-10-capsulas-liquidas/p,https://locatelcolombia.vteximg.com.br/arquivos/ids/387522-300-300/7707397792480_1_Advil-Teens-200mg-X-10-Capsulas-Liquidas.jpg
2026-10-08,La Rebaja,IBUPROFENO,4 MG,TIOCOLSID 4 MG,TIOCOLSID,CAJA X 20 TAB,20,95700,95700,4785.0,https://www.larebajavirtual.com/tiocolsid-4-mg-65310/p,https://copservir.vteximg.com.br/arquivos/ids/1881199-300-300/TIOCOLSID-4-MG_F.png
2026-10-08,Olímpica,IBUPROFENO,400 MG,Ibuprofeno 400 Mg Genfar X100 Tabletas,Genfar,CAJA X 100 TABLETAS,100,23950,23950,239.5,https://www.olimpica.com/ibuprofeno-400-mg-caja-x-100-tabletas-genfar-7702605101498-558446/p,https://olimpica.vteximg.com.br/arquivos/ids/618988-300-300/7702605101498.jpg
2026-10-08,Locatel,IBUPROFENO,400 MG,Genfar Ibuprofeno 400Mg,Genfar,BLISTER X 10 UND,10,2710,2710,271.0,https://www.locatelcolombia.com/7702605101498-genfar-ibuprofeno-400mg/p,https://locatelcolombia.vteximg.com.br/arquivos/ids/372063-300-300/7702605101498_1_GENFAR-IBUPROFENO-400MG-CAJA-X-100-TABLETAS-RECUBIERTAS.jpg
2026-10-08,Locatel,IBUPROFENO,400 MG,Genfar Ibuprofeno 400Mg,Genfar,CAJA X 100 TAB,100,27100,27100,271.0,https://www.locatelcolombia.com/7702605101498-genfar-ibuprofeno-400mg/p,https://locatelcolombia.vteximg.com.br/arquivos/ids/230036-300-300/7702605101498_1_GENFAR-IBUPROFENO-400MG-CAJA-X-100-TABLETAS-RECUBIERTAS.jpg
2026-10-08,Locatel,IBUPROFENO,400 MG,Ibuprofeno Mk 400Mg Caja X 100 Tabletas Recubiertas,Mk,CAJA X 100 TABLETAS,100,27500,27500,275.0,https://www.locatelcolombia.com/7702057442514-ibuprofeno-mk-400mg-caja-x-100-tabletas-recubiertas-/p,https://locatelcolombia.vteximg.com.br/arquivos/ids/335552-300-300/7702057442514_1_Ibuprofeno-Mk-400Mg-Caja-X-100-Tabletas-Recubiertas.jpg
2026-10-08,La Rebaja,IBUPROFENO,400 MG,IBUPROFENO 400 MG (MK),MK,CAJA X 100 TAB,100,31500,31500,315.0,https://www.larebajavirtual.com/kit-ibuprofeno-400-mg-mk-42987/p,https://copservir.vteximg.com.br/arquivos/ids/1982328-300-300/IBUPROFENO-400-MG--MK-_F.png
2026-10-08,La Rebaja,IBUPROFENO,400 MG,IBUPROFENO 400 MG (MK),MK,BLISTER X 10,10,3200,3200,320.0,https://www.larebajavirtual.com/ibuprofeno-400-mg-mk-42987/p,https://copservir.vteximg.com.br/arquivos/ids/1982327-300-300/IBUPROFENO-400-MG--MK-_F.jpg
2026-10-08,La Rebaja,IBUPROFENO,400 MG,IBUPROFENO 400 MG (COASPHARMA),COASPHARMA,CAJA X 60 TAB,60,25400,25400,423.33,https://www.larebajavirtual.com/kit-ibuprofeno-400-mg-coaspharma-33675/p,https://copservir.vteximg.com.br/arquivos/ids/1978180-300-300/IBUPROFENO-400-MG--COASPHARMA-_F.png
2026-10-08,La Rebaja,IBUPROFENO,400 MG,IBUPROFENO 400 MG (COASPHARMA),COASPHARMA,BLISTER X 10,10,4300,4300,430.0,https://www.larebajavirtual.com/ibuprofeno-400-mg-coaspharma-33675/p,https://copservir.vteximg.com.br/arquivos/ids/1978179-300-300/IBUPROFENO-400-MG--COASPHARMA-_F.png
2026-10-08,La Rebaja,IBUPROFENO,400 MG,GOFEN FORTE 400 MG (IBUPROFENO),GOFEN,CAJA X 10 CAP,10,13000,13000,1300.0,https://www.larebajavirtual.com/gofen-400-mg-157778/p,https://copservir.vteximg.com.br/arquivos/ids/1963412-300-300/GOFEN-FORTE-400-MG--IBUROFENO-_F.png
2026-10-08,Locatel,IBUPROFENO,400 MG,Ibuflash Mk Forte 400Mg Caja X 8 Capsulas Liquidas,Mk,CAJA X 8 CAPSULAS,8,12000,12000,1500.0,https://www.locatelcolombia.com/7702057076115-iibuflash-mk-forte-400mg-caja--x-8-capsulas-liquidas/p,https://locatelcolombia.vteximg.com.br/arquivos/ids/341960-300-300/7702057076115_1_Ibuflash-Mk-Forte-400Mg-Caja-X-8-Capsulas-Liquidas.jpg
2026-10-08,La Rebaja,IBUPROFENO,400 MG,IBUDOL SOFT 400 MG,IBUDOL,CAJA X 30 CAPSULA BLANDA,30,47000,47000,1566.67,https://www.larebajavirtual.com/kit-ibudol-soft-400-mg-150460/p,https://copservir.vteximg.com.br/arquivos/ids/1978866-300-300/IBUDOL-SOFT-400-MG_F.png
2026-10-08,La Rebaja,IBUPROFENO,400 MG,IBUDOL SOFT 400 MG,IBUDOL,BLISTER X 6,6,9420,9420,1570.0,https://www.larebajavirtual.com/ibudol-soft-400-mg-150460/p,https://copservir.vteximg.com.br/arquivos/ids/1978865-300-300/IBUDOL-SOFT-400-MG_F.png
2026-10-08,La Rebaja,IBUPROFENO,400 MG,IBUDOL 400 MG,IBUDOL,CAJA X 12 CAP,12,20600,20600,1716.67,https://www.larebajavirtual.com/ibudol-400-mg-93166/p,https://copservir.vteximg.com.br/arquivos/ids/1978367-300-300/IBUDOL-400-MG_F.png
2026-10-08,Locatel,IBUPROFENO,400 MG,Ibuflash Ultra Forta Mk 400Mg Caja X 8 Capsulas Liquidas,Mk,CAJA X 8 CAPSULAS,8,16750,16750,2093.75,https://www.locatelcolombia.com/7702057931094-ibuflash-ultra-forta-mk-400mg-caja-x-8-capsulas-liquidas/p,https://locatelcolombia.vteximg.com.br/arquivos/ids/336060-300-300/7702057931094_1_Ibuflash-Ultra-Forta-Mk-400Mg-Caja-X-8-Capsulas-Liquidas.jpg
2026-10-08,Locatel,IBUPROFENO,400 MG,Advil Max 400mg Caja X 16 Capsulas Liquidas,Advil,CAJA X 16 CAPSULAS,16,33900,33900,2118.75,https://www.locatelcolombia.com/7702132004330-advil-max-400mg-caja-x-16-capsulas-liquidas-1/p,https://locatelcolombia.vteximg.com.br/arquivos/ids/361376-300-300/7702132004330_0_Advil-Max-400mg-Caja-X-16-Capsulas-Liquidas.jpg
2026-10-08,La Rebaja,IBUPROFENO,400 MG,ADVIL MAX 400 MG,ADVIL,CAJA X 72 CAP,72,160200,160200,2225.0,https://www.larebajavirtual.com/kit-advil-max-400-mg-156356/p,https://copservir.vteximg.com.br/arquivos/ids/1979836-300-300/ADVIL-MAX-400-MG_F.png
2026-10-08,La Rebaja,IBUPROFENO,400 MG,ADVIL MAX 400 MG,ADVIL,BLISTER X 4,4,8920,8920,2230.0,https://www.larebajavirtual.com/advil-max-400-mg-156356/p,https://copservir.vteximg.com.br/arquivos/ids/1979835-300-300/ADVIL-MAX-400-MG_F.png
2026-10-08,Locatel,IBUPROFENO,400 MG,Advil Max 400mg Caja X 10 Capsulas Liquidas,Advil,CAJA X 10 CAPSULAS,10,22550,22550,2255.0,https://www.locatelcolombia.com/7702132008611-advil-max-400mg-caja-x-10-capsulas-liquidas-1/p,https://locatelcolombia.vteximg.com.br/arquivos/ids/361370-300-300/7702132008611_0_Advil-Max-400mg-Caja-X-10-Capsulas-Liquidas.jpg
2026-10-08,La Rebaja,IBUPROFENO,600 MG,IBUPROFENO 600 MG(COASPHARMA),COASPHARMA,BLISTER X 10,10,4300,4300,430.0,https://www.larebajavirtual.com/ibuprofeno-600-mg-coaspharma-33647/p,https://copservir.vteximg.com.br/arquivos/ids/1878857-300-300/IBUPROFENO-600-MG--COASPHARMA-_F.png
2026-10-08,La Rebaja,IBUPROFENO,600 MG,IBUPROFENO 600 MG(COASPHARMA),COASPHARMA,CAJA X 60 TAB,60,25800,25800,430.0,https://www.larebajavirtual.com/kit-ibuprofeno-600-mg-coaspharma-33647/p,https://copservir.vteximg.com.br/arquivos/ids/1878858-300-300/IBUPROFENO-600-MG--COASPHARMA-_F.png
2026-10-08,La Rebaja,IBUPROFENO,600 MG,PIRE-FEN 600 MG,PIRE-FEN,CAJA X 60 TAB,60,83000,83000,1383.33,https://www.larebajavirtual.com/kit-pire-fen-600-mg-146272/p,https://copservir.vteximg.com.br/arquivos/ids/1939247-300-300/PIRE-FEN-600-MG_F.png
2026-10-08,La Rebaja,IBUPROFENO,600 MG,PIRE-FEN 600 MG,PIRE-FEN,BLISTER X 10,10,13900,13900,1390.0,https://www.larebajavirtual.com/pire-fen-600-mg-146272/p,https://copservir.vteximg.com.br/arquivos/ids/1939246-300-300/PIRE-FEN-600-MG_F.png
2026-10-08,Locatel,IBUPROFENO,600 MG,Motrin 600Mg,Motrin,BLISTER X 10 UND,10,27316,27316,2731.6,https://www.locatelcolombia.com/7703283401528-motrin-600mg/p,https://locatelcolombia.vteximg.com.br/arquivos/ids/371893-300-300/7703283401528.png
2026-10-08,Locatel,IBUPROFENO,600 MG,Motrin 600Mg,Motrin,CAJA X 30 TABLETAS,30,81950,81950,2731.67,https://www.locatelcolombia.com/7703283401528-motrin-600mg/p,https://locatelcolombia.vteximg.com.br/arquivos/ids/191473-300-300/7703283401528.png
2026-10-08,Olímpica,IBUPROFENO,800 MG,Ibuprofeno 800 Mg MK X50 Tabletas,Mkgenerico,CAJA X 50 TABLETAS,50,19200,19200,384.0,https://www.olimpica.com/ibuprofeno-800-mg-caja-x-50-tabletas-mk-7702057162818-903849/p,https://olimpica.vteximg.com.br/arquivos/ids/1050598-300-300/7702057162818.jpg
2026-10-08,La Rebaja,IBUPROFENO,800 MG,IBUPROFENO 800 MG (GENFAR),GENFAR,CAJA X 50 TAB,50,19630,23100,392.6,https://www.larebajavirtual.com/kit-ibuprofeno-800-mg-genfar-38260/p,https://copservir.vteximg.com.br/arquivos/ids/1935437-300-300/IBUPROFENO-800-MG-GENFAR_F.png
2026-10-08,Olímpica,IBUPROFENO,800 MG,IBUPROFENO MK 800MG CAJAX30TABLETAS,Mk,CAJA X 30 TAB,30,12050,12050,401.67,https://www.olimpica.com/ibuprofeno-800mg-cj-x-30-tab-mk/p,https://olimpica.vteximg.com.br/arquivos/ids/2359532-300-300/7702057093358-1.jpg
2026-10-08,Locatel,IBUPROFENO,800 MG,Ibuprofeno 800Mg Ag,American Generics,BLISTER X 10 UND,10,4140,4140,414.0,https://www.locatelcolombia.com/7706569000385-ibuprofeno-800mg-ag/p,https://locatelcolombia.vteximg.com.br/arquivos/ids/372140-300-300/7706569000385_1_IBUPROFENO-800MG-AG-X-50-TABLETAS.jpg
2026-10-08,Locatel,IBUPROFENO,800 MG,Ibuprofeno 800Mg Ag,American Generics,CAJA X 50 TABLETAS,50,20700,20700,414.0,https://www.locatelcolombia.com/7706569000385-ibuprofeno-800mg-ag/p,https://locatelcolombia.vteximg.com.br/arquivos/ids/230580-300-300/7706569000385_1_IBUPROFENO-800MG-AG-X-50-TABLETAS.jpg
2026-10-08,Olímpica,IBUPROFENO,800 MG,Ibuprofeno 800 Mg Genfar X50 Tabletas,Genfar,CAJA X 50 TABLETAS,50,20800,20800,416.0,https://www.olimpica.com/ibuprofeno-800-mg-caja-x-50-tabletas-genfar-7702605101511-560887/p,https://olimpica.vteximg.com.br/arquivos/ids/619050-300-300/7702605101511.jpg
2026-10-08,La Rebaja,IBUPROFENO,800 MG,IBUPROFENO 800 MG (AG),AG,CAJA X 50 TAB,50,21500,21500,430.0,https://www.larebajavirtual.com/kit-ibuprofeno-800-mg-ag-22703/p,https://copservir.vteximg.com.br/arquivos/ids/1948844-300-300/IBUPROFENO-800-MG--AG-_F.png
2026-10-08,La Rebaja,IBUPROFENO,800 MG,IBUPROFENO 800 MG (AG),AG,BLISTER X 10,10,4300,4300,430.0,https://www.larebajavirtual.com/ibuprofeno-800-mg-ag-22703/p,https://copservir.vteximg.com.br/arquivos/ids/1948843-300-300/IBUPROFENO-800-MG--AG-_F.png
2026-10-08,Locatel,IBUPROFENO,800 MG,Ibuprofeno Mk 800Mg Caja X 50 Tabletas Cubiertas,Mk,CAJA X 50 TABLETAS,50,22350,22350,447.0,https://www.locatelcolombia.com/7702057162818-ibuprofeno-mk-800mg-caja-x-50-tabletas-cubiertas-/p,https://locatelcolombia.vteximg.com.br/arquivos/ids/335534-300-300/7702057162818_1_Ibuprofeno-Mk-800Mg-Caja-X-50-Tabletas-Cubiertas.jpg
2026-10-08,La Rebaja,IBUPROFENO,800 MG,IBUPROFENO 800 MG (COASPHARMA),COASPHARMA,CAJA X 60 TAB,60,27500,27500,458.33,https://www.larebajavirtual.com/kit-ibuprofeno-800-mg-coaspharma-13997/p,https://copservir.vteximg.com.br/arquivos/ids/1982083-300-300/IBUPROFENO-800-MG--COASPHARMA-_F.png
2026-10-08,La Rebaja,IBUPROFENO,800 MG,IBUPROFENO 800 MG (COASPHARMA),COASPHARMA,BLISTER X 10,10,4600,4600,460.0,https://www.larebajavirtual.com/ibuprofeno-800-mg-coaspharma-13997/p,https://copservir.vteximg.com.br/arquivos/ids/1982082-300-300/IBUPROFENO-800-MG--COASPHARMA-_F.png
2026-10-08,La Rebaja,IBUPROFENO,800 MG,IBUPROFENO 800 MG (GENFAR),GENFAR,BLISTER X 10,10,4700,4700,470.0,https://www.larebajavirtual.com/ibuprofeno-800-mg-genfar-38260/p,https://copservir.vteximg.com.br/arquivos/ids/1935436-300-300/IBUPROFENO-800-MG-GENFAR_F.png
2026-10-08,La Rebaja,IBUPROFENO,800 MG,IBUPROFENO 800 MG (MK),MK,CAJA X 50 TAB,50,36300,36300,726.0,https://www.larebajavirtual.com/kit-ibuprofeno-800-mg-mk-42989/p,https://copservir.vteximg.com.br/arquivos/ids/1982331-300-300/IBUPROFENO-800-MG--MK-_F.png
2026-10-08,La Rebaja,IBUPROFENO,800 MG,IBUPROFENO 800 MG (MK),MK,BLISTER X 10,10,7300,7300,730.0,https://www.larebajavirtual.com/ibuprofeno-800-mg-mk-42989/p,https://copservir.vteximg.com.br/arquivos/ids/1982329-300-300/IBUPROFENO-800-MG--MK-_F.png
2026-10-08,Olímpica,IBUPROFENO,800 MG,IBUPROFENO 800 MG BLISTER X 5 TABLETAS,Sin Marca,BLISTER X 5 TABLETAS,5,6183,6183,1236.6,https://www.olimpica.com/ibuprofeno-800-mg-cj-x-30-cap-liq---blister/p,https://olimpica.vteximg.com.br/arquivos/ids/2359522-300-300/7702057091125-1.jpg
2026-10-08,Locatel,IBUPROFENO,800 MG,Ibuprofeno Mk 800Mg Caja X 30 Capsulas Liquidas,Mk,CAJA X 30 CAPSULAS,30,39300,39300,1310.0,https://www.locatelcolombia.com/7702057863098-ibuprofeno-mk-800mg-caja-x-30-capsulas-liquidas-1/p,https://locatelcolombia.vteximg.com.br/arquivos/ids/335203-300-300/7702057863098_1_Ibuprofeno-Mk-800Mg-Caja-X-30-Capsulas-Liquidas.jpg
2026-10-08,La Rebaja,IBUPROFENO,800 MG,IBUPROFENO 800 MG (MK),MK,BLISTER X 10,10,14100,14100,1410.0,https://www.larebajavirtual.com/ibuprofeno-800-mg-mk-123700/p,https://copservir.vteximg.com.br/arquivos/ids/1982971-300-300/IBUPROFENO-800-MG--MK-_F.png
2026-10-08,La Rebaja,IBUPROFENO,800 MG,IBUPROFENO 800 MG (MK),MK,CAJA X 30 CAPSULA BLANDA,30,42300,42300,1410.0,https://www.larebajavirtual.com/kit-ibuprofeno-800-mg-mk-123700/p,https://copservir.vteximg.com.br/arquivos/ids/1982972-300-300/IBUPROFENO-800-MG--MK-_F.png
2026-10-08,La Rebaja,IBUPROFENO,800 MG,PIREFEN 800 MG,PIREFEN,CAJA X 60 TAB,60,128630,135400,2143.83,https://www.larebajavirtual.com/kit-pirefen-800-mg-39287/p,https://copservir.vteximg.com.br/arquivos/ids/1879265-300-300/PIREFEN-800-MG_F.png
2026-10-08,La Rebaja,IBUPROFENO,800 MG,PIREFEN 800 MG,PIREFEN,BLISTER X 10,10,22600,22600,2260.0,https://www.larebajavirtual.com/pirefen-800-mg-39287/p,https://copservir.vteximg.com.br/arquivos/ids/1879264-300-300/PIREFEN-800-MG_F.png
2026-10-08,Olímpica,IBUPROFENO,800 MG,Multidol Ibuprofeno X30 Cápsulas,Multidol,CAJA X 30 CAP,30,80650,80650,2688.33,https://www.olimpica.com/multidol-800-mg-caja-x-30-cap-7703889153661-1628411/p,https://olimpica.vteximg.com.br/arquivos/ids/644024-300-300/7703889153661.jpg
2026-10-08,La Rebaja,LEVOTIROXINA,100 MCG,LEVOTIROXINA 100 MCG (COLMED),COLMED,CAJA X 30 TAB,30,18800,18800,626.67,https://www.larebajavirtual.com/levotiroxina-100-mg-colmed-119642/p,https://copservir.vteximg.com.br/arquivos/ids/1933770-300-300/LEVOTIROXINA-100-MCG_F.png
2026-10-08,Locatel,LEVOTIROXINA,100 MCG,Levotiroxina Sódica Colmed Tabletas 100mcg X 30,Colmed,CAJA X 30,30,20900,20900,696.67,https://www.locatelcolombia.com/7703153021696-levotiroxina-sodica-colmed-tabletas-100mcg-x-30/p,https://locatelcolombia.vteximg.com.br/arquivos/ids/379164-300-300/7703153021696_1_Levotiroxina-Sodica-Colmed-Tabletas-100mcg-X-30.jpg
2026-10-08,Locatel,LEVOTIROXINA,100 MCG,Levotiroxina Mk 100mcg Caja X 30 Tabletas,Mk,CAJA X 30 TABLETAS,30,24950,24950,831.67,https://www.locatelcolombia.com/7702057715908-levotiroxina-mk-100mcg-caja-x-30-tabletas/p,https://locatelcolombia.vteximg.com.br/arquivos/ids/334577-300-300/7702057715908_1_Levotiroxina-Mk-100mcg-X-30-Tabletas.jpg
2026-10-08,La Rebaja,LEVOTIROXINA,100 MCG,LEVOTIROXINA SODICA MK 100 MCG,MK,CAJA X 30 TAB,30,30400,30400,1013.33,https://www.larebajavirtual.com/levotiroxina-sodica-mk-100-mcg-154255/p,https://copservir.vteximg.com.br/arquivos/ids/1983348-300-300/LEVOTIROXINA-SODICA-MK-100-MCG_F.png
2026-10-08,Locatel,LEVOTIROXINA,100 MCG,Prolevo 100mcg X 60 Capsulas,Prolevo,CAJA X 60 CAPSULAS,60,76950,76950,1282.5,https://www.locatelcolombia.com/7703153045746-prolevo-100mcg-x-60-capsulas/p,https://locatelcolombia.vteximg.com.br/arquivos/ids/398869-300-300/7703153045746_1_Prolevo-100mcg-X-60-Capsulas.jpg
2026-10-08,Locatel,LEVOTIROXINA,100 MCG,Tiroxin 100 Mcg Caja X 50 Tabletas,Metlenfarma,CAJA X 50 TABLETAS,50,71500,71500,1430.0,https://www.locatelcolombia.com/7705323111206-tiroxin-100-mcg-caja-x-50-tabletas/p,https://locatelcolombia.vteximg.com.br/arquivos/ids/189211-300-300/7705323111206.png
2026-10-08,Locatel,LEVOTIROXINA,100 MCG,Eutirox 100Mcg Caja X 50 Tabletas,Merck,CAJA X 50 TABLETAS,50,72750,72750,1455.0,https://www.locatelcolombia.com/7702418001558-eutirox-100mcg-caja-x-50-tabletas-1/p,https://locatelcolombia.vteximg.com.br/arquivos/ids/187808-300-300/7702418001558.png
2026-10-08,Locatel,LEVOTIROXINA,100 MCG,Synthroid 100Mcg X 90 Tabletas,Synthroid,CAJA X 90 TABLETAS,90,138500,138500,1538.89,https://www.locatelcolombia.com/7702870231685-synthroid-100mcg-x-90-tabletas/p,https://locatelcolombia.vteximg.com.br/arquivos/ids/235733-300-300/7702870231685_1_SYNTHROID-100MCG-X-90-TABLETAS.jpg
2026-10-08,La Rebaja,LEVOTIROXINA,100 MCG,EUTIROX 100 MCG,EUTIROX,CAJA X 50 TAB,50,77000,77000,1540.0,https://www.larebajavirtual.com/eutirox-100-mg-12662/p,https://copservir.vteximg.com.br/arquivos/ids/1877130-300-300/EUTIROX-100-MCG_F.png
2026-10-08,La Rebaja,LEVOTIROXINA,100 MCG,SYNTHROID 100 MCG,SYNTHROID,FRASCO X 90 TAB,90,141500,141500,1572.22,https://www.larebajavirtual.com/synthroid-100-mcg-147115/p,https://copservir.vteximg.com.br/arquivos/ids/1887813-300-300/SYNTHROID-100-MCG_F.png
2026-10-08,Locatel,LEVOTIROXINA,112 MCG,Eutirox 112Mcg Caja X 50 Tabletas,Merck,CAJA X 50 TABLETAS,50,85050,85050,1701.0,https://www.locatelcolombia.com/7702418004597-eutirox-112mcg-caja-x-50-tabletas-1/p,https://locatelcolombia.vteximg.com.br/arquivos/ids/177156-300-300/7702418004597-1.png
2026-10-08,La Rebaja,LEVOTIROXINA,112 MCG,EUTIROX 112 MCG,EUTIROX,CAJA X 50 TAB,50,87400,87400,1748.0,https://www.larebajavirtual.com/eutirox-112-mcg-85021/p,https://copservir.vteximg.com.br/arquivos/ids/1881724-300-300/EUTIROX-112-MCG_F.png
2026-10-08,Locatel,LEVOTIROXINA,112 MCG,Synthroid 112Mcg X 90 Tabletas,Synthroid,CAJA X 90 TABLETAS,90,158100,158100,1756.67,https://www.locatelcolombia.com/7702870610244-synthroid-112mcg-x-90-tabletas/p,https://locatelcolombia.vteximg.com.br/arquivos/ids/235732-300-300/7702870610244_1_SYNTHROID-112MCG-X-90-TABLETAS.jpg
2026-10-08,Olímpica,LEVOTIROXINA,125 MCG,LEVOTIROXINA SODICA 125 MCG CAJA X 30 TABLETAS,Mkgenerico,CAJA X 30 TABLETAS,30,38100,38100,1270.0,https://www.olimpica.com/levotiroxina-sodica-125-mcg-caja-x-30-tabletas/p,https://olimpica.vteximg.com.br/arquivos/ids/1533876-300-300/7702057717353.jpg
2026-10-08,La Rebaja,LEVOTIROXINA,125 MCG,LEVOTIROXINA MK 125 MCG,MK,CAJA X 30 TAB,30,41500,41500,1383.33,https://www.larebajavirtual.com/levotiroxina-mk-125-mcg-156533/p,https://copservir.vteximg.com.br/arquivos/ids/1983435-300-300/LEVOTIROXINA-MK-125-MCG_F.png
2026-10-08,La Rebaja,LEVOTIROXINA,125 MCG,TIROXIN 125 MCG,TIROXIN,CAJA X 50 TAB,50,73120,91400,1462.4,https://www.larebajavirtual.com/tiroxin-125-mcg-41957/p,https://copservir.vteximg.com.br/arquivos/ids/1939778-300-300/TIROXIN-125-MCG_F.png
2026-10-08,Locatel,LEVOTIROXINA,125 MCG,Eutirox 125Mcg Caja X 50 Tabletas,Merck,CAJA X 50 TABLETAS,50,100750,100750,2015.0,https://www.locatelcolombia.com/7702418001992-eutirox-125mcg-caja-x-50-tabletas-1/p,https://locatelcolombia.vteximg.com.br/arquivos/ids/187815-300-300/7702418001992.png
2026-10-08,Locatel,LEVOTIROXINA,125 MCG,Synthroid 125Mcg X 90 Tabletas,Synthroid,CAJA X 90 TABLETAS,90,185900,185900,2065.56,https://www.locatelcolombia.com/7702870833247-synthroid-125mcg-x-90-tabletas/p,https://locatelcolombia.vteximg.com.br/arquivos/ids/235734-300-300/7702870833247_1_SYNTHROID-125MCG-X-90-TABLETAS.jpg
2026-10-08,La Rebaja,LEVOTIROXINA,125 MCG,EUTIROX 125 MCG,EUTIROX,CAJA X 50 TAB,50,103700,103700,2074.0,https://www.larebajavirtual.com/eutirox-125-mcg-26244/p,https://copservir.vteximg.com.br/arquivos/ids/1878375-300-300/EUTIROX-125-MCG_F.png
2026-10-08,Locatel,LEVOTIROXINA,137 MCG,Eutirox 137 Mcg Tabletas Caja X 50,Merck,CAJA X 50,50,100950,100950,2019.0,https://www.locatelcolombia.com/7702418004603-eutirox-137-mcg-tabletas-caja-x-50/p,https://locatelcolombia.vteximg.com.br/arquivos/ids/177154-300-300/7702418004603-1.png
2026-10-08,La Rebaja,LEVOTIROXINA,137 MCG,EUTIROX 137 MCG,EUTIROX,CAJA X 50 TAB,50,104300,104300,2086.0,https://www.larebajavirtual.com/eutirox-137-mcg-91469/p,https://copservir.vteximg.com.br/arquivos/ids/1881941-300-300/EUTIROX-137-MCG_F.png
2026-10-08,Locatel,LEVOTIROXINA,137 MCG,Synthroid 137Mcg X 90 Tabletas,Synthroid,CAJA X 90 TABLETAS,90,193800,193800,2153.33,https://www.locatelcolombia.com/7702870769225-synthroid-137mcg-x-90-tabletas/p,https://locatelcolombia.vteximg.com.br/arquivos/ids/235735-300-300/7702870769225_1_SYNTHROID-137MCG-X-90-TABLETAS.jpg
2026-10-08,Locatel,LEVOTIROXINA,150 MCG,Levotiroxina Sodica Mk 150mcg X 30 Tabletas,Mk,CAJA X 30 TABLETAS,30,43000,43000,1433.33,https://www.locatelcolombia.com/7702057718312-levotiroxina-sodica-mk-150mcg-x-30-tabletas/p,https://locatelcolombia.vteximg.com.br/arquivos/ids/392541-300-300/7702057718312_1_Levotiroxina-Sodica-Mk-150mcg-X-30-Tabletas.jpg.jpg
2026-10-08,Olímpica,LEVOTIROXINA,150 MCG,LEVOTIROXINA 150 MCG CAJA X 30 TABLETAS,Sin Marca,CAJA X 30 TABLETAS,30,43200,43200,1440.0,https://www.olimpica.com/levotiroxina-150-mcg-caja-x-30-tabletas/p,https://olimpica.vteximg.com.br/arquivos/ids/1780004-300-300/7702057718312.jpg.jpg
2026-10-08,La Rebaja,LEVOTIROXINA,150 MCG,LEVOTIROXINA 150 MCG (MK),MK,CAJA X 30 TAB,30,46700,46700,1556.67,https://www.larebajavirtual.com/levotiroxina-150-mcg-mk-156874/p,https://copservir.vteximg.com.br/arquivos/ids/1983441-300-300/LEVOTIROXINA-150-MCG--MK-_F.png
2026-10-08,Locatel,LEVOTIROXINA,150 MCG,Tiroxin 150Mcg Caja X 50 Tabletas,Metlenfarma,CAJA X 50 TABLETAS,50,101850,101850,2037.0,https://www.locatelcolombia.com/7705323111152-tiroxin-150mcg-caja-x-50-tabletas/p,https://locatelcolombia.vteximg.com.br/arquivos/ids/312623-300-300/7705323111152_1_TIROXIN-150MCG-CAJA-X-50-TABLETAS.jpg
2026-10-08,Locatel,LEVOTIROXINA,150 MCG,Eutirox 150Mcg Caja X 50 Tabletas,Merck,CAJA X 50 TABLETAS,50,114450,114450,2289.0,https://www.locatelcolombia.com/7702418002005-eutirox-150mcg-caja-x-50-tabletas-1/p,https://locatelcolombia.vteximg.com.br/arquivos/ids/188812-300-300/7702418002005.png
2026-10-08,La Rebaja,LEVOTIROXINA,150 MCG,EUTIROX 150 MCG,EUTIROX,CAJA X 50 TAB,50,116200,116200,2324.0,https://www.larebajavirtual.com/eutirox-150-mcg-26245/p,https://copservir.vteximg.com.br/arquivos/ids/1878376-300-300/EUTIROX-150-MCG_F.png
2026-10-08,La Rebaja,LEVOTIROXINA,175 MCG,EUTIROX 175 MCG,EUTIROX,CAJA X 50 TAB,50,125300,125300,2506.0,https://www.larebajavirtual.com/eutirox-175-mcg-10046/p,https://copservir.vteximg.com.br/arquivos/ids/1955831-300-300/EUTIROX-175-MCG_F.png
2026-10-08,Locatel,LEVOTIROXINA,200 MCG,Prolevo 200mcg X 60 Capsulas,Locatel,CAJA X 60 CAPSULAS,60,135900,135900,2265.0,https://www.locatelcolombia.com/7703153045753-prolevo-200mcg-x-60-capsulas/p,https://locatelcolombia.vteximg.com.br/arquivos/ids/398877-300-300/7703153045753_1_Prolevo-200mcg-X-60-Capsulas.jpg
2026-10-08,Locatel,LEVOTIROXINA,25 MCG,Levotiroxina Mk 25mcg X 30 Tabletas,Mk,CAJA X 30 TABLETAS,30,20800,20800,693.33,https://www.locatelcolombia.com/7702057717346-levotiroxina-mk-25mcg-x-30-tabletas/p,https://locatelcolombia.vteximg.com.br/arquivos/ids/352806-300-300/7702057717346_1_Levotiroxina-Mk-25mcg-X-30-Tabletas.jpg
2026-10-08,La Rebaja,LEVOTIROXINA,25 MCG,LEVOTIROXINA (MK) 25 MCG,MK,CAJA X 30 TAB,30,23300,23300,776.67,https://www.larebajavirtual.com/levotiroxina-mk-25-mcg-155036/p,https://copservir.vteximg.com.br/arquivos/ids/1983390-300-300/LEVOTIROXINA--MK--25-MCG_F.png
2026-10-08,Olímpica,LEVOTIROXINA,25 MCG,LEVOTIROXINA 25 MCG CAJA X 30 TABLETA MK,Mkgenerico,CAJA X 30 TABLETA,30,23300,23300,776.67,https://www.olimpica.com/levotiroxina-25-mcg-cj-x-30-tab-mk/p,https://olimpica.vteximg.com.br/arquivos/ids/1619163-300-300/7702057717346.jpg
2026-10-08,La Rebaja,LEVOTIROXINA,25 MCG,TIROXIN 25 MCG,TIROXIN,CAJA X 50 TAB,50,42240,52800,844.8,https://www.larebajavirtual.com/tiroxin-25-mg-84810/p,https://copservir.vteximg.com.br/arquivos/ids/1936550-300-300/TIROXIN-25-MCG_F.png
2026-10-08,La Rebaja,LEVOTIROXINA,25 MCG,EUTIROX 25 MCG,EUTIROX,CAJA X 50 TAB,50,54600,54600,1092.0,https://www.larebajavirtual.com/eutirox-25-mcg-58877/p,https://copservir.vteximg.com.br/arquivos/ids/1880912-300-300/EUTIROX-25-MCG_F.png
2026-10-08,Locatel,LEVOTIROXINA,25 MCG,Levotiroxina Sódica Mk 25mcg X 30 Tabletas,Mk,CAJA X 30 TABLETAS,30,36700,36700,1223.33,https://www.locatelcolombia.com/7702057717353-levotiroxina-sodica-mk-25mcg-x-30-tabletas/p,https://locatelcolombia.vteximg.com.br/arquivos/ids/398850-300-300/7702057717353_1_Levotiroxina Sodica Mk 25mcg X 30 Tabletas.png
2026-10-08,Locatel,LEVOTIROXINA,25 MG,Eutirox 25Mg Caja X 50 Tabletas,Merck,CAJA X 50 TABLETAS,50,50900,50900,1018.0,https://www.locatelcolombia.com/7501298212265-eutirox-25mg-caja-x-50-tabletas-1/p,https://locatelcolombia.vteximg.com.br/arquivos/ids/231220-300-300/7501298212265_1_EUTIROX-25MG-CAJA-X-50-TABLETAS.jpg
2026-10-08,Locatel,LEVOTIROXINA,50 MCG,Levotiroxina Sodica Colmed 50Mcg X 30 Tabletas,Colmed,CAJA X 30 TABLETAS,30,14100,14100,470.0,https://www.locatelcolombia.com/7703153021672-levotiroxina-sodica-colmed-50mcg-x-30-tabletas/p,https://locatelcolombia.vteximg.com.br/arquivos/ids/320614-300-300/7703153021672_1_LEVOTIROXINA-SODICA-COLMED-50MCG-X-30-TABLETAS.jpg
2026-10-08,Olímpica,LEVOTIROXINA,50 MCG,LEVOTIROXINA 50 MCG CJ X 30 TAB CMD,Sin Marca,CAJA X 30 TAB,30,15550,15550,518.33,https://www.olimpica.com/levotiroxina-50-mcg-cj-x-30-tab-cmd/p,https://olimpica.vteximg.com.br/arquivos/ids/1031708-300-300/7703153021672.jpg
2026-10-08,Olímpica,LEVOTIROXINA,50 MCG,LEVOTIROXINA 50 MCG CAJA X 30 TABLETA MK,Mkgenerico,CAJA X 30 TABLETA,30,17750,17750,591.67,https://www.olimpica.com/levotiroxina-50-mcg-cj-x-30-tab-mk/p,https://olimpica.vteximg.com.br/arquivos/ids/1848299-300-300/7702057715915-Levotiroxina-50-mcg.jpg.jpg
2026-10-08,Locatel,LEVOTIROXINA,50 MCG,Levotiroxina Sodica Mk 50mcg X 30 Tabletas,Mk,CAJA X 30 TABLETAS,30,18950,18950,631.67,https://www.locatelcolombia.com/7702057715915-levotiroxina-sodica-mk-50mcg-x-30-tabletas/p,https://locatelcolombia.vteximg.com.br/arquivos/ids/393831-300-300/7702057715915_1_Levotiroxina-Sodica-Mk-50mcg-X-30-Tabletas.jpg.jpg
2026-10-08,La Rebaja,LEVOTIROXINA,50 MCG,LEVOTIROXINA SODICA (MK) 50 MCG,MK,CAJA X 30 TAB,30,21800,21800,726.67,https://www.larebajavirtual.com/levotiroxina-sodica-mk-50-mcg-155041/p,https://copservir.vteximg.com.br/arquivos/ids/1983391-300-300/LEVOTIROXINA-SODICA--MK--50MCG_F.png
2026-10-08,La Rebaja,LEVOTIROXINA,50 MCG,TIROXIN 50 MCG,TIROXIN,CAJA X 50 TAB,50,44640,55800,892.8,https://www.larebajavirtual.com/tiroxin-50-mg-10717/p,https://copservir.vteximg.com.br/arquivos/ids/1951560-300-300/TIROXIN-50-MCG_F.png
2026-10-08,La Rebaja,LEVOTIROXINA,50 MCG,PROLEVO 50 MCG,PROLEVO,CAJA X 60 CAP,60,54000,54000,900.0,https://www.larebajavirtual.com/prolevo-50-mcg-157252/p,https://copservir.vteximg.com.br/arquivos/ids/1962284-300-300/PROLEVO-50-MCG_F.png
2026-10-08,Locatel,LEVOTIROXINA,50 MCG,Eutirox 50Mcg Caja X 50 Tabletas,Merck,CAJA X 50 TABLETAS,50,52900,52900,1058.0,https://www.locatelcolombia.com/7702418001541-eutirox-50mcg-caja-x-50-tabletas-1/p,https://locatelcolombia.vteximg.com.br/arquivos/ids/187804-300-300/7702418001541.png
2026-10-08,Locatel,LEVOTIROXINA,50 MCG,Tiroxin 50Mcg Caja X 50 Tabletas,Metlenfarma,CAJA X 50 TABLETAS,50,54600,54600,1092.0,https://www.locatelcolombia.com/7705323111121-tiroxin-50mcg-caja-x-50-tabletas/p,https://locatelcolombia.vteximg.com.br/arquivos/ids/189207-300-300/7705323111121.png
2026-10-08,La Rebaja,LEVOTIROXINA,50 MCG,EUTIROX 50 MCG,EUTIROX,CAJA X 50 TAB,50,55800,55800,1116.0,https://www.larebajavirtual.com/eutirox-50-mcg-12661/p,https://copservir.vteximg.com.br/arquivos/ids/1877129-300-300/EUTIROX-50-MCG_F.png
2026-10-08,La Rebaja,LEVOTIROXINA,50 MCG,SYNTHROID 50 MCG,SYNTHROID,FRASCO X 90 TAB,90,103100,103100,1145.56,https://www.larebajavirtual.com/synthroid-50-mcg-147113/p,https://copservir.vteximg.com.br/arquivos/ids/1887811-300-300/SYNTHROID-50-MCG_F.png
2026-10-08,Locatel,LEVOTIROXINA,50 MCG,Synthroid 50Mcg X 90 Tabletas,Synthroid,CAJA X 90 TABLETAS,90,103550,103550,1150.56,https://www.locatelcolombia.com/7702870924273-synthroid-50mcg-x-90-tabletas/p,https://locatelcolombia.vteximg.com.br/arquivos/ids/235736-300-300/7702870924273_1_SYNTHROID-50MCG-X-90-TABLETAS.jpg
2026-10-08,La Rebaja,LEVOTIROXINA,62 MCG,TIROXIN 62 MCG,TIROXIN,CAJA X 50 TAB,50,34160,42700,683.2,https://www.larebajavirtual.com/tiroxin-62-mcg-91202/p,https://copservir.vteximg.com.br/arquivos/ids/1951824-300-300/TIROXIN-62-MCG_F.png
2026-10-08,Locatel,LEVOTIROXINA,62 MCG,Tiroxin 62Mcg Caja X 50 Tabletas,Metlenfarma,CAJA X 50 TABLETAS,50,43750,43750,875.0,https://www.locatelcolombia.com/7705323111244-tiroxin-62mcg-caja-x-50-tabletas/p,https://locatelcolombia.vteximg.com.br/arquivos/ids/189208-300-300/7705323111244.png
2026-10-08,Olímpica,LEVOTIROXINA,75 MCG,Levotiroxina Mk 75 Mcg X30 Tabletas,Sin Marca,CAJA X 30 TAB,30,24450,24450,815.0,https://www.olimpica.com/levotiroxina-75-mcg-cj-x-30-tab-mk/p,https://olimpica.vteximg.com.br/arquivos/ids/1618968-300-300/7702057712938.jpg
2026-10-08,Locatel,LEVOTIROXINA,75 MCG,Levotiroxina Mk 75Mcg Caja X 30 Tabletas,Mk,CAJA X 30 TABLETAS,30,24850,24850,828.33,https://www.locatelcolombia.com/7702057712938-levotiroxina-mk-75mcg-caja-x-30-tabletas/p,https://locatelcolombia.vteximg.com.br/arquivos/ids/336174-300-300/7702057712938_2_Levotiroxina-Mk-75Mcg-Caja-X-30-Tabletas.jpg
2026-10-08,La Rebaja,LEVOTIROXINA,75 MCG,LEVOTIROXINA 75 MCG (MK),MK,CAJA X 30 TAB,30,27000,27000,900.0,https://www.larebajavirtual.com/levotiroxina-75-mcg-mk-153488/p,https://copservir.vteximg.com.br/arquivos/ids/1983315-300-300/LEVOTIROXINA-75-MCG--MK-_F.png
2026-10-08,Locatel,LEVOTIROXINA,75 MCG,Eutirox 75Mcg Caja X 50 Tabletas,Merck,CAJA X 50 TABLETAS,50,62950,62950,1259.0,https://www.locatelcolombia.com/7702418001985-eutirox-75mcg-caja-x-50-tabletas-1/p,https://locatelcolombia.vteximg.com.br/arquivos/ids/189314-300-300/7702418001985.png
2026-10-08,La Rebaja,LEVOTIROXINA,75 MCG,EUTIROX 75 MCG,EUTIROX,CAJA X 50 TAB,50,67600,67600,1352.0,https://www.larebajavirtual.com/eutirox-75-mcg-26243/p,https://copservir.vteximg.com.br/arquivos/ids/1878374-300-300/EUTIROX-75-MCG_F.png
2026-10-08,Locatel,LEVOTIROXINA,75 MCG,Synthroid 75Mcg X 90 Tabletas,Synthroid,CAJA X 90 TABLETAS,90,124900,124900,1387.78,https://www.locatelcolombia.com/7702870168875-synthroid-75mcg-x-90-tabletas/p,https://locatelcolombia.vteximg.com.br/arquivos/ids/235737-300-300/7702870168875_1_SYNTHROID-75MCG-X-90-TABLETAS.jpg
2026-10-08,La Rebaja,LEVOTIROXINA,75 MCG,SYNTHROID 75 MCG,SYNTHROID,FRASCO X 90 TAB,90,125400,125400,1393.33,https://www.larebajavirtual.com/synthroid-75-mcg-147126/p,https://copservir.vteximg.com.br/arquivos/ids/1887832-300-300/SYNTHROID-75-MCG_F.png
2026-10-08,Locatel,LEVOTIROXINA,88 MCG,Synthroid 88Mcg X 90 Tabletas,Synthroid,CAJA X 90 TABLETAS,90,124500,124500,1383.33,https://www.locatelcolombia.com/7702870293898-synthroid-88mcg-x-90-tabletas/p,https://locatelcolombia.vteximg.com.br/arquivos/ids/235738-300-300/7702870293898_1_SYNTHROID-88MCG-X-90-TABLETAS.jpg
2026-10-08,Locatel,LEVOTIROXINA,88 MCG,Eutirox 88 Mcg Caja X 50 Tabletas,Merck,CAJA X 50 TABLETAS,50,69850,69850,1397.0,https://www.locatelcolombia.com/7702418004580-eutirox-88-mcg-caja-x-50-tabletas-1/p,https://locatelcolombia.vteximg.com.br/arquivos/ids/180310-300-300/7702418004580.png
2026-10-08,La Rebaja,LEVOTIROXINA,88 MCG,EUTIROX 88 MCG,EUTIROX,CAJA X 50 TAB,50,70300,70300,1406.0,https://www.larebajavirtual.com/eutirox-88-mcg-85020/p,https://copservir.vteximg.com.br/arquivos/ids/1881723-300-300/EUTIROX-88-MCG_F.png
2026-10-08,La Rebaja,LEVOTIROXINA,88 MCG,SYNTHROID 88 MCG,SYNTHROID,FRASCO X 90 TAB,90,129000,129000,1433.33,https://www.larebajavirtual.com/synthroid-88-mcg-147114/p,https://copservir.vteximg.com.br/arquivos/ids/1887812-300-300/SYNTHROID-88-MCG_F.png
2026-10-08,Olímpica,LORATADINA,10 MG,Loratadina 10 Mg La Santé X10 Tabletas,La Sante Genericos,CAJA X 10 TABLETAS,10,4000,4000,400.0,https://www.olimpica.com/loratadina-10-mg-caja-x-10-tabletas-la-sante-7703763320127-483857/p,https://olimpica.vteximg.com.br/arquivos/ids/1837280-300-300/7703763320127.jpg.jpg
2026-10-08,Olímpica,LORATADINA,10 MG,Loratadina 10 Mg American Generics X20 Tabletas,American Generics,CAJA X 20 TABLETAS,20,8100,8100,405.0,https://www.olimpica.com/loratadina-10-mg-caja-x-20-tabletas-american-generics-7706569000415-865933/p,https://olimpica.vteximg.com.br/arquivos/ids/626742-300-300/7706569000415.jpg
2026-10-08,Locatel,LORATADINA,10 MG,Loratadina 10Mg Caja X 10 Tabletas La Sante,La Sante,CAJA X 10 TABLETAS,10,4450,4450,445.0,https://www.locatelcolombia.com/7703763320127-loratadina-10mg-caja-x-10-tabletas-la-sante/p,https://locatelcolombia.vteximg.com.br/arquivos/ids/177916-300-300/7703763320127-1.png
2026-10-08,Locatel,LORATADINA,10 MG,Loratadina 10Mg Ag X 20 Tabletas,American Generics,CAJA X 20 TABLETAS,20,8900,8900,445.0,https://www.locatelcolombia.com/7706569000415-loratadina-10mg-ag-x-20-tabletas/p,https://locatelcolombia.vteximg.com.br/arquivos/ids/230582-300-300/7706569000415_1_LORATADINA-10MG-AG-X-20-TABLETAS.jpg
2026-10-08,Locatel,LORATADINA,10 MG,Genfar Loratadina 10Mg Caja X 10 Tabletas,Genfar,CAJA X 10 TABLETAS,10,4650,4650,465.0,https://www.locatelcolombia.com/7702605101634-genfar-loratadina-10mg-caja-x-10-tabletas/p,https://locatelcolombia.vteximg.com.br/arquivos/ids/230183-300-300/7702605101634_3_GENFAR-LORATADINA-10MG-CAJA-X-10-TABLETAS.jpg
2026-10-08,La Rebaja,LORATADINA,10 MG,LORATADINA 10 MG (LA SANTE),LA SANTE,CAJA X 10 TAB,10,4700,4700,470.0,https://www.larebajavirtual.com/loratadina-10-mg-la-sante-38093/p,https://copservir.vteximg.com.br/arquivos/ids/1982221-300-300/LORATADINA-10-MG-LA-SANTE_F.png
2026-10-08,La Rebaja,LORATADINA,10 MG,LORATADINA 10 MG (AG),AG,CAJA X 20 TAB,20,9500,9500,475.0,https://www.larebajavirtual.com/loratadina-10-mg-ag-18134/p,https://copservir.vteximg.com.br/arquivos/ids/1943192-300-300/LORATADINA-10-MG--AG-_F.png
2026-10-08,Olímpica,LORATADINA,10 MG,Loratadina 10 Mg MK X10 Tabletas,Mkgenerico,CAJA X 10 TABLETAS,10,5150,5150,515.0,https://www.olimpica.com/loratadina-10-mg-caja-x-10-tabletas-mk-7702057074005-598024/p,https://olimpica.vteximg.com.br/arquivos/ids/619382-300-300/7702057074005.jpg
2026-10-08,La Rebaja,LORATADINA,10 MG,LORATADINA 10 MG (COASPHARMA),COASPHARMA,CAJA X 10 TAB,10,5300,5300,530.0,https://www.larebajavirtual.com/loratadina-10-mg-coaspharma-33671/p,https://copservir.vteximg.com.br/arquivos/ids/1878874-300-300/LORATADINA-10-MG--COASPHARMA-_F.png
2026-10-08,Locatel,LORATADINA,10 MG,Loratadina Mk 10Mg Caja X 10 Tabletas,Mk,CAJA X 10 TABLETAS,10,5400,5400,540.0,https://www.locatelcolombia.com/7702057074005-loratadina-mk-10mg-caja-x-10-tabletas-1/p,https://locatelcolombia.vteximg.com.br/arquivos/ids/273125-300-300/7702057074005_1_LORATADINA-MK-10MG-CAJA-X-10-TABLETAS.jpg
2026-10-08,Olímpica,LORATADINA,10 MG,Loratadina 10 Mg Best X10 Tabletas,Best,CAJA X 10 TABLETAS,10,5750,5750,575.0,https://www.olimpica.com/loratadina-10-mg-caja-x-10-tabletasbest-7707193641166-1509118/p,https://olimpica.vteximg.com.br/arquivos/ids/642776-300-300/7707193641166.jpg
2026-10-08,La Rebaja,LORATADINA,10 MG,LORATADINA 10 MG (MK),MK,CAJA X 10 TAB,10,6600,6600,660.0,https://www.larebajavirtual.com/loratadina-10-mg-mk-42996/p,https://copservir.vteximg.com.br/arquivos/ids/1982346-300-300/LORATADINA-10-MG--MK-_F.png
2026-10-08,Locatel,LORATADINA,10 MG,Clarityne 10mg X 10 Tabletas,Clarityne,CAJA X 10 TABLETAS,10,21950,21950,2195.0,https://www.locatelcolombia.com/7861100402421-clarityne-10mg-x-10-tabletas/p,https://locatelcolombia.vteximg.com.br/arquivos/ids/405022-300-300/7861100402421_1_Clarityne 10mg X 10 Tabletas.jpg
2026-10-08,La Rebaja,LORATADINA,10 MG,HISTAPEN 10 MG,HISTAPEN,CAJA X 10 TAB,10,35700,35700,3570.0,https://www.larebajavirtual.com/histapen-32173/p,https://copservir.vteximg.com.br/arquivos/ids/1878789-300-300/HISTAPEN-10-MG_F.png
2026-10-08,Locatel,LOSARTAN,100 MG,Losartan 100Mg X 30 Tabletas,Genfar,CAJA X 30 TABLETAS,30,52750,52750,1758.33,https://www.locatelcolombia.com/7705959000141-losartan-100mg-x-30-tabletas/p,https://locatelcolombia.vteximg.com.br/arquivos/ids/191407-300-300/7705959000141.png
2026-10-08,Olímpica,LOSARTAN,100 MG,Losartan Genfar 100 Mg Caja X 30 Capsula,Genfar,CAJA X 30 COMP,30,59100,59100,1970.0,https://www.olimpica.com/losartan-100-mg-caja-x-30-comp-genfar-7705959000141-1535268/p,https://olimpica.vteximg.com.br/arquivos/ids/642862-300-300/7705959000141.jpg
2026-10-08,Locatel,LOSARTAN,100 MG,Losartan Potasico 100Mg X 30 Tabletas,La Sante,CAJA X 30 TABLETAS,30,60800,60800,2026.67,https://www.locatelcolombia.com/7703763997619-losartan-potasico-100mg-x-30-tabletas/p,https://locatelcolombia.vteximg.com.br/arquivos/ids/191993-300-300/7703763997619.png
2026-10-08,La Rebaja,LOSARTAN,100 MG,LOSARTAN POTASICO 100 MG (LA SANTE),LA SANTE,CAJA X 30 TAB,30,65400,65400,2180.0,https://www.larebajavirtual.com/losartan-potasico-100-mg-la-sante-105532/p,https://copservir.vteximg.com.br/arquivos/ids/1939021-300-300/LOSARTAN-POTASICO-100-MG--SANT_F.png
2026-10-08,Olímpica,LOSARTAN,100 MG,LOSARTAN 100MG CAJA X 30 TABLETAS,Mkgenerico,CAJA X 30 TABLETAS,30,69300,69300,2310.0,https://www.olimpica.com/losartan-100mg-caja-x-30-tabletas/p,https://olimpica.vteximg.com.br/arquivos/ids/1619238-300-300/7702057717049.jpg
2026-10-08,Locatel,LOSARTAN,100 MG,Losartan Mk 100Mg Caja X 30 Tabletas,Mk,CAJA X 30 TABLETAS,30,72850,72850,2428.33,https://www.locatelcolombia.com/7702057710248-losartan-mk-100mg-caja-x-30-tabletas/p,https://locatelcolombia.vteximg.com.br/arquivos/ids/412229-300-300/7702057717049_1.png
2026-10-08,La Rebaja,LOSARTAN,100 MG,LOSARTAN 100 MG (MK),MK,CAJA X 30 TAB,30,78200,78200,2606.67,https://www.larebajavirtual.com/losartan-100-mg-mk-148428/p,https://copservir.vteximg.com.br/arquivos/ids/1983194-300-300/LOSARTAN-100-MG--MK-_F.png
2026-10-08,La Rebaja,LOSARTAN,50 MG,LOSARTAN POTASICO 50 MG (GENFAR),GENFAR,CAJA X 30 TAB,30,14100,28200,470.0,https://www.larebajavirtual.com/losartan-potasico-50-mg-genfar-37060/p,https://copservir.vteximg.com.br/arquivos/ids/1941124-300-300/LOSARTAN-POTASICO-50-MG-GENFAR_F.png
2026-10-08,Olímpica,LOSARTAN,50 MG,LOSARTAN 50MG X 30 TAB,Ecar,CAJA X 30 TAB,30,14500,14500,483.33,https://www.olimpica.com/losartan-50mg--x-30-tab/p,https://olimpica.vteximg.com.br/arquivos/ids/2410858-300-300/7702184011201.jpg
2026-10-08,La Rebaja,LOSARTAN,50 MG,LOSARTAN 50 MG (COASPHARMA),COASPHARMA,CAJA X 30 TAB,30,16200,16200,540.0,https://www.larebajavirtual.com/losartan-50-mg-coaspharma-64308/p,https://copservir.vteximg.com.br/arquivos/ids/1966475-300-300/LOSARTAN-50-MG--COASPHARMA-_F.png
2026-10-08,Olímpica,LOSARTAN,50 MG,Losartan 50 Mg Best X30 Tabletas,Best,CAJA X 30 TABLETAS,30,19750,19750,658.33,https://www.olimpica.com/losartan-50-mg-caja-x-30-tabletasbest-7707193642712-729482/p,https://olimpica.vteximg.com.br/arquivos/ids/621523-300-300/7707193642712.jpg
2026-10-08,Locatel,LOSARTAN,50 MG,Genfar Losartan 50Mg X 30 Tabletas Recubiertas,Genfar,CAJA X 30 TABLETAS,30,23000,23000,766.67,https://www.locatelcolombia.com/7702605103232-genfar-losartan-50mg-x-30-tabletas-recubiertas-1/p,https://locatelcolombia.vteximg.com.br/arquivos/ids/191130-300-300/7702605103232.png
2026-10-08,Olímpica,LOSARTAN,50 MG,Losartán Mk 50 Mg Caja X 30 Tabletas,Mkgenerico,CAJA X 30 TABLETAS,30,24000,24000,800.0,https://www.olimpica.com/losartan-50-mg-caja-x-30-tabletas-mk-7702057710163-2050708/p,https://olimpica.vteximg.com.br/arquivos/ids/645665-300-300/7702057710163.jpg
2026-10-08,La Rebaja,LOSARTAN,50 MG,LOSARTAN POTASICO 50 MG (LA SANTE),LA SANTE,CAJA X 30 TAB,30,24600,24600,820.0,https://www.larebajavirtual.com/losartan-potasico-50-mg-la-sante-39583/p,https://copservir.vteximg.com.br/arquivos/ids/1974076-300-300/LOSARTAN-50-MG--LA-SANTE-_F.png
2026-10-08,Olímpica,LOSARTAN,50 MG,LOSARTAN 50 MG CAJA X 30 TABLETAS,Mkgenerico,CAJA X 30 TABLETAS,30,25850,25850,861.67,https://www.olimpica.com/losartan-50-mg-caja-x-30-tabletas/p,https://olimpica.vteximg.com.br/arquivos/ids/1491520-300-300/7702057717001.jpg
2026-10-08,Locatel,LOSARTAN,50 MG,Losartan Potasico 50Mg X 30 Tabletas,La Sante,CAJA X 30 TABLETAS,30,25950,25950,865.0,https://www.locatelcolombia.com/7703763190027-losartan-potasico-50mg-x-30-tabletas/p,https://locatelcolombia.vteximg.com.br/arquivos/ids/191300-300-300/7703763190027.png
2026-10-08,Olímpica,LOSARTAN,50 MG,Losartan 50 Mg American Generics X15 Tabletas,American Generics,CAJA X 15 TABLETAS,15,13250,13250,883.33,https://www.olimpica.com/losartan-50-mg-caja-x-15-tabletas-american-generics-7706569001665-868213/p,https://olimpica.vteximg.com.br/arquivos/ids/895043-300-300/7706569001665.jpg
2026-10-08,Locatel,LOSARTAN,50 MG,Losartan Mk 50Mg Caja X 30 Tabletas Cubiertas,Mk,CAJA X 30 TABLETAS,30,26950,26950,898.33,https://www.locatelcolombia.com/7702057710163-losartan-mk-50mg-caja-x-30-tabletas-cubiertas-1/p,https://locatelcolombia.vteximg.com.br/arquivos/ids/207585-300-300/7702057710163_LOSARTAN-50MG-X-30-TABLETAS.png
2026-10-08,Locatel,LOSARTAN,50 MG,Losartan 50Mg Ag X 30 Tabletas,American Generics,CAJA X 30 TABLETAS,30,26950,26950,898.33,https://www.locatelcolombia.com/7706569021618-losartan-50mg-ag-x-30-tabletas/p,https://locatelcolombia.vteximg.com.br/arquivos/ids/230618-300-300/7706569021618_1_LOSARTAN-50MG-AG-X-30-TABLETAS.jpg
2026-10-08,Locatel,LOSARTAN,50 MG,Losartan 50Mg X 15 Tabletas A.G.,American Generics,CAJA X 15 TABLETAS,15,13950,13950,930.0,https://www.locatelcolombia.com/7706569001665-losartan-50mg-x-15-tabletas-a-g-/p,https://locatelcolombia.vteximg.com.br/arquivos/ids/191494-300-300/7706569001665.png
2026-10-08,La Rebaja,LOSARTAN,50 MG,LOSARTAN 50 MG (MK),MK,CAJA X 30 TAB,30,30600,30600,1020.0,https://www.larebajavirtual.com/losartan-50-mg-mk-124175/p,https://copservir.vteximg.com.br/arquivos/ids/1982999-300-300/LOSARTAN-50-MG--MK-_F.png
2026-10-08,Locatel,LOSARTAN,50 MG,Cozaar 50Mg X 30 Comprimidos,MSD,CAJA X 30 COMPRIMIDOS,30,420800,420800,14026.67,https://www.locatelcolombia.com/7501326052337-cozaar-50mg-x-30-comprimidos-1/p,https://locatelcolombia.vteximg.com.br/arquivos/ids/176675-300-300/7501326052337-1.png
2026-10-08,Locatel,METFORMINA,1000 MG,Metformina MK 1000mg X 30 Tabletas,Mk,CAJA X 30 TABLETAS,30,55000,55000,1833.33,https://www.locatelcolombia.com/7702057717964-metformina-mk-1000mg-x-30-tabletas/p,https://locatelcolombia.vteximg.com.br/arquivos/ids/410920-300-300/7702057717964_1_Metformina-MK-Tabletas-1000mg-X-30.jpg
2026-10-08,La Rebaja,METFORMINA,1000 MG,METFORMINA 1000 MG (MK),MK,CAJA X 30 TAB,30,67800,67800,2260.0,https://www.larebajavirtual.com/metformina-1000-mg-mk-158129/p,https://copservir.vteximg.com.br/arquivos/ids/1983530-300-300/METFORMINA-1000-MG--MK-_F.png
2026-10-08,Locatel,METFORMINA,1000 MG,G-Met G-Tab 1000Mg X 40 Tabletas Recubiertas,G-Met G-Tab,CAJA X 40 TABLETAS,40,97800,97800,2445.0,https://www.locatelcolombia.com/7703153031039-g-met-g-tab-1000mg-x-40-tabletas-recubiertas/p,https://locatelcolombia.vteximg.com.br/arquivos/ids/232591-300-300/7703153031039_1_G-MET-G-TAB-1000MG-X-40-TABLETAS-RECUBIERTAS.jpg
2026-10-08,Locatel,METFORMINA,1000 MG,Glucophage 1000Mg Caja X 30 Tabletas,Merck,CAJA X 30 TABLETAS,30,92650,92650,3088.33,https://www.locatelcolombia.com/7702418000575-glucophage-1000mg-caja-x--30-tabletas/p,https://locatelcolombia.vteximg.com.br/arquivos/ids/180300-300-300/7702418000575.png
2026-10-08,La Rebaja,METFORMINA,1000 MG,GLUCOPHAGE 1000 MG,GLUCOPHAGE,Caja X 30.00 Tab,30,93800,93800,3126.67,https://www.larebajavirtual.com/glucophage-1000-mg-37314/p,https://copservir.vteximg.com.br/arquivos/ids/1879058-300-300/GLUCOPHAGE-1000-MG_F.png
2026-10-08,Locatel,METFORMINA,1000 MG,Metaglicoz 1000mg X 30 Tabletas de Liberación Prolongada,Locatel,CAJA X 30 TABLETAS,30,100300,100300,3343.33,https://www.locatelcolombia.com/7704039400659-metaglicoz-1000mg-x-30-tabletas-de-liberacion-prolongada/p,https://locatelcolombia.vteximg.com.br/arquivos/ids/410884-300-300/7704039400659_1_Metaglicoz-Tabletas-de-Liberacion-Prolongada-1000mg-X-30.jpg
2026-10-08,La Rebaja,METFORMINA,1000 MG,GLUCOPHAGE XR 1000 MG,GLUCOPHAGE,Caja X 30.00 Tab,30,127900,127900,4263.33,https://www.larebajavirtual.com/glucophage-xr-1000-mg-92614/p,https://copservir.vteximg.com.br/arquivos/ids/1876669-300-300/GLUCOPHAGE-XR-1000-MG_F.png
2026-10-08,Locatel,METFORMINA,1000 MG,Glucophage Xr 1000Mg Caja X 30 Tabletas,Merck,CAJA X 30 TABLETAS,30,130600,130600,4353.33,https://www.locatelcolombia.com/3596540150062-glucophage-xr-1000mg-caja-x-30-tabletas-1/p,https://locatelcolombia.vteximg.com.br/arquivos/ids/231222-300-300/3596540150062_1_GLUCOPHAGE-XR-1000MG-CAJA-X-30-TABLETAS.jpg
2026-10-08,Locatel,METFORMINA,500 MG,Metformina MK 500mg X 30 Tabletas,Mk,CAJA X 30 TABLETAS,30,37300,37300,1243.33,https://www.locatelcolombia.com/7702057717995-metformina-mk-500mg-x-30-tabletas/p,https://locatelcolombia.vteximg.com.br/arquivos/ids/410924-300-300/7702057717995_1_Metformina-MK-Tabletas-500mg-X-30.jpg
2026-10-08,La Rebaja,METFORMINA,500 MG,METFORMINA 500 MG (MK),MK,CAJA X 30 TAB,30,47100,47100,1570.0,https://www.larebajavirtual.com/metformina-500-mg-mk-158130/p,https://copservir.vteximg.com.br/arquivos/ids/1983531-300-300/METFORMINA-500-MG--MK-_F.png
2026-10-08,Locatel,METFORMINA,500 MG,Metformina 500Mg Caja X 30 Tabletas Recubiertas,Genfar,CAJA X 30 TABLETAS,30,54700,54700,1823.33,https://www.locatelcolombia.com/7702605109128-metformina-500mg-caja-x-30-tabletas-recubiertas/p,https://locatelcolombia.vteximg.com.br/arquivos/ids/188550-300-300/7702605109128.png
2026-10-08,Olímpica,METFORMINA,500 MG,Metformina Genfar 500 Mg Caja X 30 Tabletas,Genfar,CAJA X 30 TABLETAS,30,58250,58250,1941.67,https://www.olimpica.com/metformina-500-mg-caja-x-30-tabletas-genfar-7702605109128-1211651/p,https://olimpica.vteximg.com.br/arquivos/ids/635505-300-300/7702605109128.jpg
2026-10-08,La Rebaja,METFORMINA,500 MG,METFORMINA 500 MG (GENFAR),GENFAR,CAJA X 30 TAB,30,59660,62800,1988.67,https://www.larebajavirtual.com/metformina-500-mg-genfar-105422/p,https://copservir.vteximg.com.br/arquivos/ids/1935630-300-300/METFORMINA-500-MG--GF-_F.png
2026-10-08,Locatel,METFORMINA,500 MG,Metaglicoz 500mg X 30 Tabletas de Liberación Prolongada,Locatel,CAJA X 30 TABLETAS,30,61400,61400,2046.67,https://www.locatelcolombia.com/7704039905529-metaglicoz-500mg-x-30-tabletas-de-liberacion-prolongada/p,https://locatelcolombia.vteximg.com.br/arquivos/ids/410885-300-300/7704039905529_1_Metaglicoz-Tabletas-de-Liberacion-Prolongada-500mg-X-30.jpg
2026-10-08,La Rebaja,METFORMINA,500 MG,GLUCOPHAGE 500 MG,GLUCOPHAGE,Caja X 30.00 Tab,30,71000,71000,2366.67,https://www.larebajavirtual.com/glucophage-500-mg-12663/p,https://copservir.vteximg.com.br/arquivos/ids/1877131-300-300/GLUCOPHAGE-500-MG_F.png
2026-10-08,Locatel,METFORMINA,500 MG,Glucophage 500Mg Caja X 30 Tabletas,Merck,CAJA X 30 TABLETAS,30,72450,72450,2415.0,https://www.locatelcolombia.com/7702418001381-glucophage-500mg-caja-x-30-tabletas/p,https://locatelcolombia.vteximg.com.br/arquivos/ids/191391-300-300/7702418001381.png
2026-10-08,Locatel,METFORMINA,500 MG,Glucophage Xr 500Mg X 30 Tabletas,Merck,CAJA X 30 TABLETAS,30,73450,73450,2448.33,https://www.locatelcolombia.com/7702418003118-glucophage-xr-500mg-x-30-tabletas-1/p,https://locatelcolombia.vteximg.com.br/arquivos/ids/187584-300-300/7702418003118.png
2026-10-08,La Rebaja,METFORMINA,500 MG,GLUCOPHAGE XR 500 MG,GLUCOPHAGE,Caja X 30.00 Tab,30,74500,74500,2483.33,https://www.larebajavirtual.com/glucophage-xr-500-mg-44585/p,https://copservir.vteximg.com.br/arquivos/ids/1879736-300-300/GLUCOPHAGE-XR-500-MG_F.png
2026-10-08,Locatel,METFORMINA,750 MG,Metaglicoz de Liberación Prolongada 750mg X 30 Tabletas,Locatel,CAJA X 30 TABLETAS,30,94400,94400,3146.67,https://www.locatelcolombia.com/7704039670489-metaglicoz-de-liberacion-prolongada-750mg-x-30-tabletas-/p,https://locatelcolombia.vteximg.com.br/arquivos/ids/410915-300-300/7704039670489_1_Metaglicoz-Tabletas-de-Liberacion-Prolongada-750mg-X-30.jpg
2026-10-08,La Rebaja,METFORMINA,750 MG,GLUCOPHAGE XR 750 MG,GLUCOPHAGE,Caja X 30.00 Tab,30,121700,121700,4056.67,https://www.larebajavirtual.com/glucophage-xr-750-mg-64296/p,https://copservir.vteximg.com.br/arquivos/ids/1881140-300-300/GLUCOPHAGE-XR-750-MG_F.png
2026-10-08,Locatel,METFORMINA,750 MG,Glucophage Xr 750 Mg Caja X 30 Tabletas,Merck,CAJA X 30 TABLETAS,30,124000,124000,4133.33,https://www.locatelcolombia.com/7702418004191-glucophage-xr-750-mg-caja-x-30-tabletas-1/p,https://locatelcolombia.vteximg.com.br/arquivos/ids/180309-300-300/7702418004191.png
2026-10-08,Locatel,METFORMINA,850 MG,Metformina 850Mg Caja X 30 Tabletas,Diabetrics,CAJA X 30 TABLETAS,30,26650,26650,888.33,https://www.locatelcolombia.com/7703153018368-metformina-850mg-caja-x-30-tabletas-1/p,https://locatelcolombia.vteximg.com.br/arquivos/ids/235036-300-300/7703153018368_1_METFORMINA-850MG-CAJA-X-30-TABLETAS.jpg
2026-10-08,Olímpica,METFORMINA,850 MG,Metformina Clorhidrato Diabetrics 850 Mg X30 Tabletas,Diabetics,CAJA X 30 TABLETAS,30,28950,28950,965.0,https://www.olimpica.com/metformina-850-mg-caja-x-30-tabletas-diabetrics-7703153018368-1336155/p,https://olimpica.vteximg.com.br/arquivos/ids/639142-300-300/7703153018368.jpg
2026-10-08,La Rebaja,METFORMINA,850 MG,METFORMINA 850 MG (GENFAR),GENFAR,CAJA X 30 TAB,30,33830,39800,1127.67,https://www.larebajavirtual.com/metformina-850-mg-genfar-34345/p,https://copservir.vteximg.com.br/arquivos/ids/1966472-300-300/METFORMINA-850-MG_F.png
2026-10-08,La Rebaja,METFORMINA,850 MG,METFORMINA 850 MG (DIABETRICS),DIABETRICS,CAJA X 30 TAB,30,34400,34400,1146.67,https://www.larebajavirtual.com/metformina-850-mg-diabetrics-118186/p,https://copservir.vteximg.com.br/arquivos/ids/1958675-300-300/METFORMINA-850-MG--DIABETRICS-_F.png
2026-10-08,Olímpica,METFORMINA,850 MG,Metformina Clorhidrato Genfar 850 Mg X30 Tabletas,Wintroph,CAJA X 30 TABLETAS,30,36300,36300,1210.0,https://www.olimpica.com/metformina-850-mg-caja-x-30-tabletas-genfar-7705959880491-721385/p,https://olimpica.vteximg.com.br/arquivos/ids/621286-300-300/7705959880491.jpg
2026-10-08,Locatel,METFORMINA,850 MG,Metformina 850Mg Caja X 30 Tabletas,Mk,CAJA X 30 TABLETAS,30,42750,42750,1425.0,https://www.locatelcolombia.com/7702057074272-%09-metformina--850mg-caja-x--30-tabletas-1/p,https://locatelcolombia.vteximg.com.br/arquivos/ids/184419-300-300/7702057074272.png
2026-10-08,Olímpica,METFORMINA,850 MG,Metformina MK 850 Mg X30 Tabletas,Mkgenerico,CAJA X 30 TABLETAS,30,43450,43450,1448.33,https://www.olimpica.com/metformina-850-mg-caja-x-30-tabletas-mk-7702057074272-1059635/p,https://olimpica.vteximg.com.br/arquivos/ids/631851-300-300/7702057074272.jpg
2026-10-08,La Rebaja,METFORMINA,850 MG,METFORMINA 850 MG (MK),MK,CAJA X 30 TAB,30,48100,48100,1603.33,https://www.larebajavirtual.com/metformina-850-mg-mk-43004/p,https://copservir.vteximg.com.br/arquivos/ids/1982355-300-300/METFORMINA-850-MG--MK-_F.png
2026-10-08,La Rebaja,METFORMINA,850 MG,GLUCOPHAGE 850 MG,GLUCOPHAGE,Caja X 30.00 Tab,30,85700,85700,2856.67,https://www.larebajavirtual.com/glucophage-850-mg-13860/p,https://copservir.vteximg.com.br/arquivos/ids/1877258-300-300/GLUCOPHAGE-850-MG_F.png
2026-10-08,La Rebaja,MONTELUKAST,10 MG,CERROKAST 10 MG,CERROKAST,CAJA X 15 TAB,15,34700,34700,2313.33,https://www.larebajavirtual.com/cerrokast-10-mg-60176/p,https://copservir.vteximg.com.br/arquivos/ids/1919934-300-300/CERROKAST-10-MG_F.png
2026-10-08,Locatel,MONTELUKAST,10 MG,Montelukast Colmed 10mg X 30 Cápsulas,Colmed,CAJA X 30 CAPSULAS,30,72750,72750,2425.0,https://www.locatelcolombia.com/7703153044121-montelukast-colmed-10mg-x-30-capsulas/p,https://locatelcolombia.vteximg.com.br/arquivos/ids/350586-300-300/7703153044121_1_Montelukast-Colmed-10mg-X-30-Capsulas.png
2026-10-08,Olímpica,MONTELUKAST,10 MG,Montelukast 10 Mg La Santé X10 Tabletas,La Sante Genericos,CAJA X 10 TABLETAS,10,24750,24750,2475.0,https://www.olimpica.com/montelukast-10-mg-caja-x-10-tabletas-la-sante-7703763220229-1086669/p,https://olimpica.vteximg.com.br/arquivos/ids/1837271-300-300/7703763220229.jpg.jpg
2026-10-08,Olímpica,MONTELUKAST,10 MG,Montelukast 10 Mg Genfar X30 Tabletas,Genfar,CAJA X 30 TABLETAS,30,76500,76500,2550.0,https://www.olimpica.com/montelukast-10-mg-caja-x-30-tabletas-genfar-7702605104468-1126073/p,https://olimpica.vteximg.com.br/arquivos/ids/633380-300-300/7702605104468.jpg
2026-10-08,Locatel,MONTELUKAST,10 MG,Genfar Montelukast 10Mg Caja X 30 Comprimidos Recubiertos,Genfar,CAJA X 30 COMPRIMIDOS,30,79150,79150,2638.33,https://www.locatelcolombia.com/7702605104468-genfar-montelukast-10mg-caja-x-30-comprimidos-recubiertos/p,https://locatelcolombia.vteximg.com.br/arquivos/ids/187775-300-300/7702605104468.png
2026-10-08,Olímpica,MONTELUKAST,10 MG,Montelukast 10 Mg American Generics X10 Tabletas Masticables,American Generics,CAJA X 10 TABLETAS,10,26550,26550,2655.0,https://www.olimpica.com/montelukast-10mg-caja-x-10-tabletas-masticables-american-generics-7706569022455-708886/p,https://olimpica.vteximg.com.br/arquivos/ids/620809-300-300/7706569022455.jpg
2026-10-08,Locatel,MONTELUKAST,10 MG,Montelukast 10Mg Mk Caja X 30 Tabletas Recubiertas,Mk,CAJA X 30 TABLETAS,30,86850,86850,2895.0,https://www.locatelcolombia.com/7702057709266-montelukast-10mg-mk-caja-x-30-tabletas-recubiertas/p,https://locatelcolombia.vteximg.com.br/arquivos/ids/204670-300-300/7702057709266_MONTELUKAST-10MG-MK-X-30-TABLETAS-RECUBIERTAS.png
2026-10-08,Olímpica,MONTELUKAST,10 MG,Montelukast 10 Mg MK X30 Tabletas,Mkgenerico,CAJA X 30 TABLETAS,30,87000,87000,2900.0,https://www.olimpica.com/montelukast-10-mg-caja-x-30-tabletas-mk-7702057709266-1475523/p,https://olimpica.vteximg.com.br/arquivos/ids/642440-300-300/7702057709266.jpg
2026-10-08,La Rebaja,MONTELUKAST,10 MG,MONTELUKAST 10 MG (LA SANTE),LA SANTE,CAJA X 10 TAB,10,29300,29300,2930.0,https://www.larebajavirtual.com/montelukast-10-mg-la-sante-53138/p,https://copservir.vteximg.com.br/arquivos/ids/1974127-300-300/MONTELUKAST-10-MG--LA-SANTE-_F.png
2026-10-08,La Rebaja,MONTELUKAST,10 MG,MONTELUKAST 10 MG (MK),MK,CAJA X 30 TAB,30,94300,94300,3143.33,https://www.larebajavirtual.com/montelukast-10-mg-mk-120822/p,https://copservir.vteximg.com.br/arquivos/ids/1982928-300-300/MONTELUKAST-10-MG--MK-_F.png
2026-10-08,Olímpica,MONTELUKAST,4 MG,Montelukast 4 Mg La Santé X10 Tabletas Masticables,La Sante Genericos,CAJA X 10 TABLETAS,10,11150,11150,1115.0,https://www.olimpica.com/montelukast-4-mg-caja-x-10-tabletas-masticable-la-sante-7703763220205-1086662/p,https://olimpica.vteximg.com.br/arquivos/ids/1837269-300-300/7703763220205.jpg.jpg
2026-10-08,La Rebaja,MONTELUKAST,4 MG,MONTELUKAST 4 MG (LA SANTE),LA SANTE,CAJA X 10 TAB,10,12600,12600,1260.0,https://www.larebajavirtual.com/montelukast-4-mg-la-sante-53136/p,https://copservir.vteximg.com.br/arquivos/ids/1903024-300-300/MONTELUKAST-4-MG--LA-SANTE-_F.png
2026-10-08,Locatel,MONTELUKAST,4 MG,Montelukast MK 4Mg Caja X 30 Tabletas Masticables,Mk,CAJA X 30 TABLETAS,30,43350,43350,1445.0,https://www.locatelcolombia.com/7702057709273-montelukast-mk-4mg-caja-x-30-tabletas-masticables/p,https://locatelcolombia.vteximg.com.br/arquivos/ids/410079-300-300/7702057709273_1_Montelukast MK 4Mg Caja X 30 Tabletas Masticables.jpg
2026-10-08,Olímpica,MONTELUKAST,4 MG,Montelukast Mk 4 Mg Caja X 30 Tabletas,Mkgenerico,CAJA X 30 TABLETAS,30,43500,43500,1450.0,https://www.olimpica.com/montelukast-4-mg-caja-x-30-tabletas-mk-7702057709273-1475545/p,https://olimpica.vteximg.com.br/arquivos/ids/642441-300-300/7702057709273.jpg
2026-10-08,Olímpica,MONTELUKAST,5 MG,Montelukast 5 Mg La Santé X10 Tabletas Masticables,La Sante Genericos,CAJA X 10 TABLETAS,10,11450,11450,1145.0,https://www.olimpica.com/montelukast-5-mg-caja-x-10-tabletas-masticable-la-sante-7703763220212-1086668/p,https://olimpica.vteximg.com.br/arquivos/ids/1837270-300-300/7703763220212.jpg.jpg
2026-10-08,Olímpica,MONTELUKAST,5 MG,MONTELUKAST 5 MG CAJA X 10 TABLETAS MASTICABLES,La Sante Genericos,CAJA X 10 TABLETAS,10,12950,12950,1295.0,https://www.olimpica.com/montelukast-5-mg-caja-x-10-tabletas-masticables/p,https://olimpica.vteximg.com.br/arquivos/ids/1846754-300-300/7703763811151.jpg.jpg
2026-10-08,Olímpica,MONTELUKAST,5 MG,Montelukast Mk 5 Mg Caja X 30 Tabletas,Mkgenerico,CAJA X 30 TABLETAS,30,42350,42350,1411.67,https://www.olimpica.com/montelukast-5-mg-caja-x-30-tabletas-mk-7702057709280-1475551/p,https://olimpica.vteximg.com.br/arquivos/ids/642442-300-300/7702057709280.jpg
2026-10-08,La Rebaja,MONTELUKAST,5 MG,MONTELUKAST 5 MG (LA SANTE),LA SANTE,CAJA X 10 TAB,10,15300,15300,1530.0,https://www.larebajavirtual.com/montelukast-5-mg-la-sante-53137/p,https://copservir.vteximg.com.br/arquivos/ids/1974126-300-300/MONTELUKAST-5-MG--LA-SANTE-_F.png
2026-10-08,Locatel,MONTELUKAST,5 MG,Montelukast 5Mg Ag X 10 Tabletas,American Generics,CAJA X 10 TABLETAS,10,15800,15800,1580.0,https://www.locatelcolombia.com/7706569022448-montelukast-5mg-ag-x-10-tabletas/p,https://locatelcolombia.vteximg.com.br/arquivos/ids/230652-300-300/7706569022448_1_MONTELUKAST-5MG-AG-X-10-TABLETAS.jpg
2026-10-08,La Rebaja,MONTELUKAST,5 MG,CERROKAST 5 MG,CERROKAST,CAJA X 15 TAB,15,23900,23900,1593.33,https://www.larebajavirtual.com/cerrokast-5-mg-39775/p,https://copservir.vteximg.com.br/arquivos/ids/1919839-300-300/CERROKAST-5-MG_F.png
2026-10-08,Olímpica,NAPROXENO,250 MG,Naproxeno 250 Mg American Generics X10 Tabletas,American Generics,CAJA X 10 TABLETAS,10,6600,6600,660.0,https://www.olimpica.com/naproxeno-250mg-x-10-tabletas-american-generics-7706569001443-813122/p,https://olimpica.vteximg.com.br/arquivos/ids/624403-300-300/7706569001443.jpg
2026-10-08,La Rebaja,NAPROXENO,250 MG,NAPROXENO 250 MG (GENFAR),GENFAR,CAJA X 10 COMP,10,6640,8300,664.0,https://www.larebajavirtual.com/naproxeno-250-mg-genfar-38173/p,https://copservir.vteximg.com.br/arquivos/ids/1976878-300-300/NAPROXENO-250-MG-GENFAR_F.png
2026-10-08,Olímpica,NAPROXENO,250 MG,Naproxeno 250 Mg Genfar X10 Cápsulas,Genfar,CAJA X 10 CAP,10,6800,6800,680.0,https://www.olimpica.com/naproxeno-250-mg-caja-x-10-cap-genfar-7702605101931-555351/p,https://olimpica.vteximg.com.br/arquivos/ids/618957-300-300/7702605101931.jpg
2026-10-08,Olímpica,NAPROXENO,250 MG,Naproxeno 250 Mg La Santé X10 Cápsulas,La Sante Genericos,CAJA X 10 CAP,10,7150,7150,715.0,https://www.olimpica.com/naproxeno-250-mg-caja-x-10-cap-la-sante-7703763410217-58627/p,https://olimpica.vteximg.com.br/arquivos/ids/1837290-300-300/7703763410217.jpg.jpg
2026-10-08,La Rebaja,NAPROXENO,250 MG,NAPROXENO 250 MG (COASPHARMA),COASPHARMA,CAJA X 10 TAB,10,7200,7200,720.0,https://www.larebajavirtual.com/naproxeno-250-mg-coaspharma-15001/p,https://copservir.vteximg.com.br/arquivos/ids/1980448-300-300/NAPROXENO-250-MG--COASPHARMA-_F.png
2026-10-08,Locatel,NAPROXENO,250 MG,Naproxeno 250Mg X 10 Capsulas,La Sante,CAJA X 10 CAPSULAS,10,7450,7450,745.0,https://www.locatelcolombia.com/7703763410217-naproxeno-250mg-x-10-capsulas/p,https://locatelcolombia.vteximg.com.br/arquivos/ids/237814-300-300/7703763410217_1_NAPROXENO-250MG-X-10-CAPSULAS.jpg
2026-10-08,Locatel,NAPROXENO,250 MG,Naproxeno 250Mg Ag X 10 Tabletas,American Generics,CAJA X 10 TABLETAS,10,7650,7650,765.0,https://www.locatelcolombia.com/7706569001443-naproxeno-250mg-ag-x-10-tabletas/p,https://locatelcolombia.vteximg.com.br/arquivos/ids/230705-300-300/7706569001443_1_NAPROXENO-250MG-AG-X-10-TABLETAS.jpg
2026-10-08,La Rebaja,NAPROXENO,250 MG,NAPROXENO 250 MG (AMERICAN GENERICS),AG,CAJA X 10 TAB,10,7700,7700,770.0,https://www.larebajavirtual.com/naproxeno-250-mg-american-generics-18133/p,https://copservir.vteximg.com.br/arquivos/ids/1973283-300-300/NAPROXENO-250-MG--AG-_F.png
2026-10-08,Olímpica,NAPROXENO,250 MG,Naproxeno 250 Mg Best X10 Tabletas,Best,CAJA X 10 TABLETAS,10,8000,8000,800.0,https://www.olimpica.com/naproxeno-250-mg-caja-x-10-tabletas-best-7709270449139-1253593/p,https://olimpica.vteximg.com.br/arquivos/ids/636791-300-300/7709270449139.jpg
2026-10-08,Locatel,NAPROXENO,250 MG,Genfar Naproxeno 250Mg Caja X 10 Comprimidos,Genfar,CAJA X 10 COMPRIMIDOS,10,8150,8150,815.0,https://www.locatelcolombia.com/7702605101931-genfar-naproxeno-250mg-caja-x-10-comprimidos/p,https://locatelcolombia.vteximg.com.br/arquivos/ids/230208-300-300/7702605101931_3_GENFAR-NAPROXENO-250MG-CAJA-X-10-COMPRIMIDOS.jpg
2026-10-08,Olímpica,NAPROXENO,275 MG,NAPROXENO MK 275MG CAJAX10TABLETAS,Mkgenerico,CAJA X 10 TABLETAS,10,7100,7100,710.0,https://www.olimpica.com/naproxeno-275-mg-caja-x-10-tabletas-mk-7702057610906-941427/p,https://olimpica.vteximg.com.br/arquivos/ids/2359596-300-300/7702057610906-1.jpg
2026-10-08,Locatel,NAPROXENO,275 MG,Naproxeno Mk 275Mg Caja X 10 Tabletas Cubiertas,Mk,CAJA X 10 TABLETAS,10,7600,7600,760.0,https://www.locatelcolombia.com/7702057610906-naproxeno-mk-275mg-caja-x-10-tabletas-cubiertas/p,https://locatelcolombia.vteximg.com.br/arquivos/ids/335567-300-300/7702057610906_1_Naproxeno-Mk-275Mg-Caja-X-10-Tabletas-Cubiertas.jpg
2026-10-08,La Rebaja,NAPROXENO,275 MG,NAPROXENO SODICO 275 MG (MK),MK,CAJA X 10 TAB,10,10000,10000,1000.0,https://www.larebajavirtual.com/naproxeno-sodico-275-mg-mk-25006/p,https://copservir.vteximg.com.br/arquivos/ids/1982153-300-300/NAPROXENO-SODICO-275-MG_F.png
2026-10-08,Locatel,NAPROXENO,275 MG,Apronax 275 Mg Cápsula Líquida Naproxeno Sódico Caja X 8 Cápsulas,Apronax,CAJA X 8 CAPSULAS,8,18900,18900,2362.5,https://www.locatelcolombia.com/7702123006916-apronax-275-mg-capsula-liquida-naproxeno-sodico-caja-x-8-capsulas--1/p,https://locatelcolombia.vteximg.com.br/arquivos/ids/405006-300-300/7702123006916_1_Apronax 275 Mg Capsula Liquida Naproxeno Sodico Caja X 8 Capsulas.jpg
2026-10-08,Locatel,NAPROXENO,275 MG,Apronax 275mg Naproxeno Sódico Caja x 8 tabletas,Apronax,CAJA X 8 TABLETAS,8,19000,19000,2375.0,https://www.locatelcolombia.com/7702123005490-apronax-275mg-naproxeno-sodico-caja-x-8-tabletas/p,https://locatelcolombia.vteximg.com.br/arquivos/ids/405000-300-300/7702123005490_1_Apronax 275mg Naproxeno Sodico Caja x 8 tabletas.jpg
2026-10-08,La Rebaja,NAPROXENO,500 MG,NAPROXENO 500 MG (COASPHARMA),COASPHARMA,CAJA X 10 TAB,10,9400,9400,940.0,https://www.larebajavirtual.com/naproxeno-500-mg-coaspharma-156133/p,https://copservir.vteximg.com.br/arquivos/ids/1981919-300-300/NAPROXENO-500-MG--COAS-_F.png
2026-10-08,La Rebaja,NAPROXENO,500 MG,NAPROXENO 500 MG (GENFAR),GENFAR,CAJA X 10 TAB,10,10000,12500,1000.0,https://www.larebajavirtual.com/naproxeno-500-mg-genfar-42937/p,https://copservir.vteximg.com.br/arquivos/ids/1935473-300-300/NAPROXENO-500-MG--GENFAR-_F.png
2026-10-08,Olímpica,NAPROXENO,500 MG,Naproxeno 500 Mg Genfar X10 Tabletas,Genfar,CAJA X 10 TABLETAS,10,11150,11150,1115.0,https://www.olimpica.com/naproxeno-500-mg-caja-x-10-tabletas-genfar-7702605101948-555352/p,https://olimpica.vteximg.com.br/arquivos/ids/618959-300-300/7702605101948.jpg
2026-10-08,Locatel,NAPROXENO,500 MG,Genfar Naproxeno 500Mg Caja X 10 Tabletas,Genfar,CAJA X 10 TABLETAS,10,12350,12350,1235.0,https://www.locatelcolombia.com/7702605101948-genfar-naproxeno-500mg-caja-x-10-tabletas-1/p,https://locatelcolombia.vteximg.com.br/arquivos/ids/230211-300-300/7702605101948_3_GENFAR-NAPROXENO-500MG-CAJA-X-10-TABLETAS.jpg
2026-10-08,Locatel,NAPROXENO,500 MG,Naproxeno 500 Mg X 10 Tabletas,American Generics,CAJA X 10 TABLETAS,10,12950,12950,1295.0,https://www.locatelcolombia.com/7706569001450-naproxeno-500-mg-x-10-tabletas/p,https://locatelcolombia.vteximg.com.br/arquivos/ids/186250-300-300/7706569001450.png
2026-10-08,La Rebaja,NAPROXENO,500 MG,NAPROXENO 500 MG (LA SANTE),LA SANTE,CAJA X 10 TAB,10,13400,13400,1340.0,https://www.larebajavirtual.com/naproxeno-500-mg-la-sante-43885/p,https://copservir.vteximg.com.br/arquivos/ids/1974092-300-300/NAPROXENO-500-MG--LA-SANTE-_F.png
2026-10-08,La Rebaja,NAPROXENO,500 MG,NAPROXENO 500 MG (AG),AG,CAJA X 10 TAB,10,13900,13900,1390.0,https://www.larebajavirtual.com/naproxeno-500-mg-ag-55133/p,https://copservir.vteximg.com.br/arquivos/ids/1880723-300-300/NAPROXENO-500-MG--AG-_F.png
2026-10-08,Olímpica,NAPROXENO,500 MG,Naproxeno 500 Mg American Generics X10 Tabletas,American Generics,CAJA X 10 TABLETAS,10,13900,13900,1390.0,https://www.olimpica.com/naproxeno-500mg-caja-x-10-tabletas-american-generics-7706569001450-813124/p,https://olimpica.vteximg.com.br/arquivos/ids/624407-300-300/7706569001450.jpg
2026-10-08,Olímpica,NAPROXENO,500 MG,Naproxeno 500 Mg Best X10 Tabletas,Best,CAJA X 10 TABLETAS,10,16050,16050,1605.0,https://www.olimpica.com/naproxeno-500mg-caja-x-10-tabletasbest-7707193640015-1253591/p,https://olimpica.vteximg.com.br/arquivos/ids/636789-300-300/7707193640015.jpg
2026-10-08,La Rebaja,NAPROXENO,500 MG,DURAFLEX FORTE 500 MG,DURAFEX,CAJA X 18 CAPSULA BLANDA,18,52800,52800,2933.33,https://www.larebajavirtual.com/kit-duraflex-forte-500-mg-120985/p,https://copservir.vteximg.com.br/arquivos/ids/1982932-300-300/DURAFLEX-FORTE-500-MG_F.png
2026-10-08,La Rebaja,NAPROXENO,500 MG,DURAFLEX FORTE 500 MG,DURAFEX,BLISTER X 2,2,5880,5880,2940.0,https://www.larebajavirtual.com/duraflex-forte-500-mg-120985/p,https://copservir.vteximg.com.br/arquivos/ids/1982931-300-300/DURAFLEX-FORTE-500-MG_F.png
2026-10-08,Locatel,NAPROXENO,500 MG,Duraflex Cápsula Líquida Forte 500mg X 18und,Duraflex,CAJA X 18 UND,18,55100,55100,3061.11,https://www.locatelcolombia.com/7702057092726-duraflex-capsula-liquida-forte-500mg-x-18und/p,https://locatelcolombia.vteximg.com.br/arquivos/ids/388164-300-300/7702057092726_1_Duraflex-Capsula-Liquida-Forte-500mg-X-18und.jpg
2026-10-08,La Rebaja,NAPROXENO,500 MG,IMPROSTAN 500 MG,IMPROSTAN,CAJA X 10 TAB,10,34770,37800,3477.0,https://www.larebajavirtual.com/improstan-500-mg-14020/p,https://copservir.vteximg.com.br/arquivos/ids/1877270-300-300/IMPROSTAN-500-MG_F.png
2026-10-08,Olímpica,NAPROXENO,550 MG,NAPROXENO MK 550MG CAJAX10TABLETAS,Mkgenerico,CAJA X 10 TABLETAS,10,14700,14700,1470.0,https://www.olimpica.com/naproxeno-550-mg-caja-x-10-tabletas-mk-7702057320904-941428/p,https://olimpica.vteximg.com.br/arquivos/ids/2361054-300-300/7702057320904-1.jpg
2026-10-08,Locatel,NAPROXENO,550 MG,Naproxeno Mk 550Mg Caja X 10 Tabletas Cubiertas,Mk,CAJA X 10 TABLETAS,10,14750,14750,1475.0,https://www.locatelcolombia.com/7702057320904-naproxeno-mk-550mg-caja-x-10-tabletas-cubiertas/p,https://locatelcolombia.vteximg.com.br/arquivos/ids/335549-300-300/7702057320904_1_Naproxeno-Mk-550Mg-Caja-X-10-Tabletas-Cubiertas.jpg
2026-10-08,La Rebaja,NAPROXENO,550 MG,NAPROXENO SODICO 550 MG (NOVAMED),NOVAMED,CAJA X 10 TAB,10,15900,26500,1590.0,https://www.larebajavirtual.com/naproxeno-sodico-550-mg-novamed-157386/p,https://copservir.vteximg.com.br/arquivos/ids/1834881-300-300/NAPROXENO-SODICO-550-MG--NOVAM_F.png
2026-10-08,La Rebaja,NAPROXENO,550 MG,NAPROXENO SODICO 550 MG (MK),MK,CAJA X 10 CAP,10,17300,17300,1730.0,https://www.larebajavirtual.com/naproxeno-sodico-550-mg-mk-25005/p,https://copservir.vteximg.com.br/arquivos/ids/1982152-300-300/NAPROXENO-SODICO-550-MG--MK-_F.png
2026-10-08,La Rebaja,NAPROXENO,550 MG,APRONAX 550 MG,APRONAX,CAJA X 60 TAB,60,222100,222100,3701.67,https://www.larebajavirtual.com/kit-apronax-550-mg-30049/p,https://copservir.vteximg.com.br/arquivos/ids/1878645-300-300/APRONAX-550-MG_F.png
2026-10-08,La Rebaja,NAPROXENO,550 MG,APRONAX 550 MG,APRONAX,BLISTER X 4,4,14840,14840,3710.0,https://www.larebajavirtual.com/apronax-550-mg-30049/p,https://copservir.vteximg.com.br/arquivos/ids/1878644-300-300/APRONAX-550-MG_F.jpg
2026-10-08,La Rebaja,NAPROXENO,550 MG,APRONAX 550 MG,APRONAX,CAJA X 20 TAB,20,77100,77100,3855.0,https://www.larebajavirtual.com/apronax-550-mg-25507/p,https://copservir.vteximg.com.br/arquivos/ids/1878324-300-300/APRONAX-550-MG_F.png
2026-10-08,Locatel,NAPROXENO,550 MG,Apronax 550 mg Naproxeno Sódico,Apronax,BLISTER X 4 UND,4,15560,15560,3890.0,https://www.locatelcolombia.com/7702123005520-apronax-550-mg-naproxeno-sodico/p,https://locatelcolombia.vteximg.com.br/arquivos/ids/371872-300-300/7702123005520_1_Apronax-550-mg-Naproxeno-Sodico-Caja-x-20-tabletas.jpg
2026-10-08,Locatel,NAPROXENO,550 MG,Apronax 550 mg Naproxeno Sódico,Apronax,CAJA X 20 TABLETAS,20,77800,77800,3890.0,https://www.locatelcolombia.com/7702123005520-apronax-550-mg-naproxeno-sodico/p,https://locatelcolombia.vteximg.com.br/arquivos/ids/409479-300-300/7702123005520-1.jpg
2026-10-08,Olímpica,OMEPRAZOL,10 MG,Genoprazol Omeprazol 10 Mg X14 Cápsulas,Genomma Lab,CAJA X 14 CAPSULAS,14,6400,6400,457.14,https://www.olimpica.com/genoprazol-capsula-omeprazol-10-mg-cj-x-14-capsulas-650240031267-1152965/p,https://olimpica.vteximg.com.br/arquivos/ids/633887-300-300/650240031267.jpg
2026-10-08,La Rebaja,OMEPRAZOL,10 MG,GENOPRAZOL CAPSULA OMEPRAZOL 10 MG,GENOPRAZOL,CAJA X 14 CAP,14,6900,6900,492.86,https://www.larebajavirtual.com/genoprazol-capsula-omeprazol-10-mg-105287/p,https://copservir.vteximg.com.br/arquivos/ids/1882837-300-300/GENOPRAZOL-CAPSULA-OMEPRAZOL10_F.png
2026-10-08,Olímpica,OMEPRAZOL,20 MG,Omeprazol Colmed 20 Mg Caja X 20 Capsulas,Colmed,CAJA X 20 CAP,20,5350,5350,267.5,https://www.olimpica.com/omeprazol-20-mg-caja-x-20-cap-colmed-7703153021160-1597212/p,https://olimpica.vteximg.com.br/arquivos/ids/643613-300-300/7703153021160.jpg
2026-10-08,Olímpica,OMEPRAZOL,20 MG,Omeprazol La Sante 20 Mg Caja X 30 Capsulas,La Sante Genericos,CAJA X 30 CAP,30,9350,9350,311.67,https://www.olimpica.com/omeprazol-20-mg-cj-x-30-cap-ls-7703763295241-2186878/p,https://olimpica.vteximg.com.br/arquivos/ids/1837279-300-300/7703763295241.jpg.jpg
2026-10-08,Locatel,OMEPRAZOL,20 MG,Omeprazol 20Mg X 30 Capsulas,La Sante,CAJA X 30 CAPSULAS,30,9950,9950,331.67,https://www.locatelcolombia.com/7703763295241-omeprazol-20mg-x-30-capsulas/p,https://locatelcolombia.vteximg.com.br/arquivos/ids/235743-300-300/7703763295241_1_OMEPRAZOL-20MG-X-30-CAPSULAS.jpg
2026-10-08,La Rebaja,OMEPRAZOL,20 MG,OMEPRAZOL 20 MG (LA SANTE),LA SANTE,CAJA X 30 CAP,30,11400,11400,380.0,https://www.larebajavirtual.com/omeprazol-20-mg-la-sante-146234/p,https://copservir.vteximg.com.br/arquivos/ids/1953244-300-300/OMEPRAZOL-20-MG--LA-SANTE-_F.png
2026-10-08,La Rebaja,OMEPRAZOL,20 MG,OMEPRAZOLE 20 MG (GENFAR),GENFAR,CAJA X 10 CAP,10,4120,5500,412.0,https://www.larebajavirtual.com/omeprazole-20-mg-genfar-38063/p,https://copservir.vteximg.com.br/arquivos/ids/1941126-300-300/OMEPRAZOLE-20-MG--GENFAR-_F.png
2026-10-08,Olímpica,OMEPRAZOL,20 MG,Omeprazol 20 Mg Genfar X10 Cápsulas,Genfar,CAJA X 10 CAP,10,4500,4500,450.0,https://www.olimpica.com/omeprazol-20-mg-caja-x-10-cap-genfar-7702605102044-558479/p,https://olimpica.vteximg.com.br/arquivos/ids/619010-300-300/7702605102044.jpg
2026-10-08,Locatel,OMEPRAZOL,20 MG,Genfar Omeprazol 20Mg Caja X 10 Capsulas,Genfar,CAJA X 10 CAPSULAS,10,4750,4750,475.0,https://www.locatelcolombia.com/7702605102044-genfar-omeprazol-20mg-caja-x-10-capsulas/p,https://locatelcolombia.vteximg.com.br/arquivos/ids/230222-300-300/7702605102044_3_GENFAR-OMEPRAZOL-20MG-CAJA-X-10-CAPSULAS.jpg
2026-10-08,Olímpica,OMEPRAZOL,20 MG,Genoprazol Omeprazol 20 Mg X14 Cápsulas,Genomma Lab,CAJA X 24 CAPSULAS,24,11650,11650,485.42,https://www.olimpica.com/genoprazol-20-mg-caja-x-24-capsulas-650240003950-1152966/p,https://olimpica.vteximg.com.br/arquivos/ids/633889-300-300/650240003950.jpg
2026-10-08,La Rebaja,OMEPRAZOL,20 MG,ULCEPAR OMEPRAZOL 20 MG (COASPHARMA),COASPHARMA,CAJA X 20 TAB,20,11000,11000,550.0,https://www.larebajavirtual.com/omeprazol-20-mg-coaspharma-17009/p,https://copservir.vteximg.com.br/arquivos/ids/1941064-300-300/ULCEPAR-OMEPRAZOL-20-MG--COAS-_F.png
2026-10-08,Locatel,OMEPRAZOL,20 MG,Prazed 20Mg Caja X 30 Capsulas,Prazed,CAJA X 30 CAPSULAS,30,18850,18850,628.33,https://www.locatelcolombia.com/7703546131308-prazed-20mg-caja-x-30-capsulas/p,https://locatelcolombia.vteximg.com.br/arquivos/ids/230014-300-300/7703546131308_1_PRAZED-20MG-CAJA-X-30-CAPSULAS.jpg
2026-10-08,Locatel,OMEPRAZOL,20 MG,Omeprazol Mk 20mg X 30Tabletas,Mk,CAJA X 30 TABLETAS,30,19850,19850,661.67,https://www.locatelcolombia.com/7702057710217-omeprazol-mk-20mg-x-30tabletas/p,https://locatelcolombia.vteximg.com.br/arquivos/ids/347945-300-300/7702057710217_2_Omeprazol-Mk-20mg-X-30Tabletas.jpg
2026-10-08,La Rebaja,OMEPRAZOL,20 MG,OMEPRAZOL 20 MG (MK),MK,CAJA X 30 CAP,30,21400,21400,713.33,https://www.larebajavirtual.com/omeprazol-20-mg-mk-154808/p,https://copservir.vteximg.com.br/arquivos/ids/1983380-300-300/OMEPRAZOL-20-MG--MK-_F.png
2026-10-08,La Rebaja,OMEPRAZOL,20 MG,GENOPRAZOL CAPSULA OMEPRAZOL 20 MG,GENOPRAZOL,CAJA X 14 CAP,14,12900,12900,921.43,https://www.larebajavirtual.com/genoprazol-capsula-omeprazol-20-mg-105423/p,https://copservir.vteximg.com.br/arquivos/ids/1958570-300-300/GENOPRAZOL-CAPSULA-OMEPRAZOL-2_F.png
2026-10-08,La Rebaja,OMEPRAZOL,20 MG,PROPISOL 20 MG,PROPISOL,CAJA X 20 CAP,20,22080,25100,1104.0,https://www.larebajavirtual.com/propisol-31091/p,https://copservir.vteximg.com.br/arquivos/ids/1968375-300-300/PROPISOL-20-MG_F.png
2026-10-08,Locatel,ROSUVASTATINA,10 MG,Rosuvastatina MK 10mg X 30 Tabletas,Mk,CAJA X 30 TABLETAS,30,53800,53800,1793.33,https://www.locatelcolombia.com/7702057716639-rosuvastatina-mk-10mg-x-30-tabletas/p,https://locatelcolombia.vteximg.com.br/arquivos/ids/409746-300-300/7702057716639_1_ROSUVASTATINA_MK_TAB.10MG_X30TAB.2.jpg
2026-10-08,Locatel,ROSUVASTATINA,10 MG,Rosuvina 10Mg X 30 Tabletas Recubiertas,Rosuvina,CAJA X 30 TABLETAS,30,75550,75550,2518.33,https://www.locatelcolombia.com/7704039029331-rosuvina-10mg-x-30-tabletas-recubiertas/p,https://locatelcolombia.vteximg.com.br/arquivos/ids/398362-300-300/7704039029331_1_Rosuvina-10Mg-X-30-Tabletas-Recubiertas.jpg
2026-10-08,La Rebaja,ROSUVASTATINA,10 MG,LITORVAS 10 MG,LITORVAS,CAJA X 28 TAB,28,96100,96100,3432.14,https://www.larebajavirtual.com/litorvas-10-mg-119400/p,https://copservir.vteximg.com.br/arquivos/ids/1979304-300-300/LITORVAS-10-MG_F.png
2026-10-08,Locatel,ROSUVASTATINA,10 MG,Rosuvastatina Genfar 10Mg X 28 Comprimidos Recubiertos,Genfar,CAJA X 28 COMPRIMIDOS,28,145100,145100,5182.14,https://www.locatelcolombia.com/7705959885731-rosuvastatina-genfar-com-recub-10mg-x28/p,https://locatelcolombia.vteximg.com.br/arquivos/ids/268032-300-300/7705959885731_1_ROSUVASTATINA-GENFAR-10MG-X-28-COMPRIMIDOS-RECUBIERTOS.jpg
2026-10-08,Olímpica,ROSUVASTATINA,10 MG,Rosuvastatina AG 10 Mg Caja X 28 Tabletas,American Generics,CAJA X 28 TABLETAS,28,155700,155700,5560.71,https://www.olimpica.com/rosuvastatina-10-mg-caja-x-28-tabletas-american-generics-7706569023100-2072232/p,https://olimpica.vteximg.com.br/arquivos/ids/646098-300-300/7706569023100.jpg
2026-10-08,Olímpica,ROSUVASTATINA,10 MG,Rosuvastatina La Santé 10 Mg Caja X 10 Tabletas,La Sante Genericos,CAJA X 10 TABLETAS,10,56850,56850,5685.0,https://www.olimpica.com/rosuvastatina-10-mg-caja-x-10-tabletas-la-sante-7703763992874-1329562/p,https://olimpica.vteximg.com.br/arquivos/ids/638528-300-300/7703763992874.jpg
2026-10-08,Olímpica,ROSUVASTATINA,10 MG,Rosuvastatina 10 Mg MK X28 Tabletas,Mkgenerico,CAJA X 28 TABLETAS,28,163149,163149,5826.75,https://www.olimpica.com/rosuvastatina-10-mg-caja-28-tabletas-7702057061999-1027993/p,https://olimpica.vteximg.com.br/arquivos/ids/631086-300-300/7702057061999.jpg
2026-10-08,Locatel,ROSUVASTATINA,10 MG,Rosuvastatina 10 Mg X 14 Tabletas,Genfar,CAJA X 14 TABLETAS,14,94400,94400,6742.86,https://www.locatelcolombia.com/7705959013431-rosuvastatina-10-mg-x-14-tabletas/p,https://locatelcolombia.vteximg.com.br/arquivos/ids/191416-300-300/7705959013431.png
2026-10-08,Locatel,ROSUVASTATINA,10 MG,Crestor 10Mg X 30 Tabletas,Crestor,CAJA X 30 TABLETAS,30,299900,299900,9996.67,https://www.locatelcolombia.com/7896206405168-crestor-10mg-x-30-tabletas/p,https://locatelcolombia.vteximg.com.br/arquivos/ids/234418-300-300/7896206405168_1_CRESTOR-10MG-X-30-TABLETAS.jpg
2026-10-08,La Rebaja,ROSUVASTATINA,20 MG,ROSUVASTATINA MK 20 MG,MK,CAJA X 30 TAB,30,54700,54700,1823.33,https://www.larebajavirtual.com/rosuvastatina-mk-20-mg-157816/p,https://copservir.vteximg.com.br/arquivos/ids/1983501-300-300/ROSUVASTATINA-MK-20-MG_F.png
2026-10-08,Locatel,ROSUVASTATINA,20 MG,Rosuvastatina MK 20mg X 30 Tabletas,Mk,CAJA X 30 TABLETAS,30,65850,65850,2195.0,https://www.locatelcolombia.com/7702057716615-rosuvastatina-mk-20mg-x-30-tabletas-/p,https://locatelcolombia.vteximg.com.br/arquivos/ids/409734-300-300/7702057716615_1_ROSUVASTATINA_MK_TAB.20MG_X30TAB.2.jpg
2026-10-08,Locatel,ROSUVASTATINA,20 MG,Rosuvina 20Mg X 30 Tabletas Recubiertas,Rosuvina,CAJA X 30 TABLETAS,30,74650,74650,2488.33,https://www.locatelcolombia.com/7704039336316-rosuvina-20mg-x-30-tabletas-recubiertas/p,https://locatelcolombia.vteximg.com.br/arquivos/ids/398358-300-300/7704039336316_1_Rosuvina-20Mg-X-30-Tabletas-Recubiertas.jpg
2026-10-08,La Rebaja,ROSUVASTATINA,20 MG,LITORVAS 20 MG,LITORVAS,CAJA X 28 TAB,28,96300,96300,3439.29,https://www.larebajavirtual.com/litorvas-20-mg-119396/p,https://copservir.vteximg.com.br/arquivos/ids/1979301-300-300/LITORVAS-20-MG_F.png
2026-10-08,La Rebaja,ROSUVASTATINA,20 MG,LITORVAS 20 MG,LITORVAS,CAJA X 14 TAB,14,54500,54500,3892.86,https://www.larebajavirtual.com/litorvas-20-mg-119395/p,https://copservir.vteximg.com.br/arquivos/ids/1979300-300-300/LITORVAS-20-MG_F.png
2026-10-08,Locatel,ROSUVASTATINA,20 MG,Rosuvax E Rosuvastatina 20mg X 30 Tabletas,Rosuvax E,CAJA X 30 TABLETAS,30,167625,335250,5587.5,https://www.locatelcolombia.com/7707182841324-rosuvax-e-rosuvastatina-20mg-x-30-tabletas/p,https://locatelcolombia.vteximg.com.br/arquivos/ids/398889-300-300/7707182841324_1_Rosuvax-E-Rosuvastatina-20mg-X-30-Tabletas.jpg
2026-10-08,Olímpica,ROSUVASTATINA,20 MG,Rosuvastatina La Sante X 30 Tabletas 20 Mg,La Sante Genericos,CAJA X 30 TAB,30,169750,169750,5658.33,https://www.olimpica.com/rosuvastatina-20-mg-cj-x-30-tab-ls-7703763446360-2196093/p,https://olimpica.vteximg.com.br/arquivos/ids/1837293-300-300/7703763446360.jpg.jpg
2026-10-08,Locatel,ROSUVASTATINA,20 MG,Rosuvastatina 20Mg X 30 Tabletas,La Sante,CAJA X 30 TABLETAS,30,177750,177750,5925.0,https://www.locatelcolombia.com/7703763446360-rosuvastatina-20mg-x-30-tabletas/p,https://locatelcolombia.vteximg.com.br/arquivos/ids/235901-300-300/7703763446360_1_ROSUVASTATINA-20MG-X-30-TABLETAS.jpg
2026-10-08,Olímpica,ROSUVASTATINA,20 MG,Rosuvastatina AG 20 Mg Caja X 28 Tabletas,American Generics,CAJA X 28 TABLETAS,28,176800,176800,6314.29,https://www.olimpica.com/rosuvastatina-20-mg-caja-x-28-tabletas-american-generics-7706569023117-2072233/p,https://olimpica.vteximg.com.br/arquivos/ids/646099-300-300/7706569023117.jpg
2026-10-08,Olímpica,ROSUVASTATINA,20 MG,Rosuvastatina 20 Mg MK X28 Tabletas,Mkgenerico,CAJA X 28 TABLETAS,28,191400,191400,6835.71,https://www.olimpica.com/rosuvastatina-20-mg-caja-28-tabletas-mk-7702057062170-1027994/p,https://olimpica.vteximg.com.br/arquivos/ids/631088-300-300/7702057062170.jpg
2026-10-08,Locatel,ROSUVASTATINA,20 MG,Rosuvastatina 20 Mg X 14 Tabletas,Genfar,CAJA X 14 TABLETAS,14,111850,111850,7989.29,https://www.locatelcolombia.com/7705959013448-rosuvastatina-20-mg-x-14-tabletas/p,https://locatelcolombia.vteximg.com.br/arquivos/ids/178070-300-300/7705959013448-1.png
2026-10-08,Locatel,ROSUVASTATINA,20 MG,Crestor 20Mg X 30 Comprimidos,astrazeneca,CAJA X 30 COMPRIMIDOS,30,302400,302400,10080.0,https://www.locatelcolombia.com/7896206405199-crestor-20mg-x-30-comprimidos/p,https://locatelcolombia.vteximg.com.br/arquivos/ids/180497-300-300/7896206405199.png
2026-10-08,Olímpica,ROSUVASTATINA,40 MG,Rosuvastatina 40 Mg MK X28 Tabletas,Mkgenerico,CAJA X 28 TABLETAS,28,50700,50700,1810.71,https://www.olimpica.com/rosuvastatina-40-mg-caja-28-tabletas-mk-7702057062187-1027995/p,https://olimpica.vteximg.com.br/arquivos/ids/631091-300-300/7702057062187.jpg
2026-10-08,La Rebaja,ROSUVASTATINA,40 MG,ROSUVASTATINA 40 MG (MK),MK,CAJA X 28 TAB,28,52100,52100,1860.71,https://www.larebajavirtual.com/rosuvastatina-40-mg-mk-100037/p,https://copservir.vteximg.com.br/arquivos/ids/1982711-300-300/ROSUVASTATINA-40-MG--MK-_F.png
2026-10-08,Locatel,ROSUVASTATINA,40 MG,Rosuvina 40Mg X 30 Tableta Recubierta,Rosuvina,CAJA X 30 TABLETA,30,72200,72200,2406.67,https://www.locatelcolombia.com/7704039671523-rosuvina-40mg-x-30-tableta-recubierta/p,https://locatelcolombia.vteximg.com.br/arquivos/ids/398360-300-300/7704039671523_1_Rosuvina-40Mg-X-30-Tableta-Recubierta.jpg
2026-10-08,La Rebaja,ROSUVASTATINA,40 MG,LITORVAS 40 MG,LITORVAS,CAJA X 28 TAB,28,76100,76100,2717.86,https://www.larebajavirtual.com/litorvas-40-mg-119398/p,https://copservir.vteximg.com.br/arquivos/ids/1979303-300-300/LITORVAS-40-MG_F.png
2026-10-08,La Rebaja,ROSUVASTATINA,40 MG,LITORVAS 40 MG,LITORVAS,CAJA X 14 TAB,14,50000,50000,3571.43,https://www.larebajavirtual.com/litorvas-40-mg-119397/p,https://copservir.vteximg.com.br/arquivos/ids/1979302-300-300/LITORVAS-40-MG_F.png
2026-10-08,Locatel,ROSUVASTATINA,40 MG,Rosuvax Rosuvastatina 40mg X 30 Tabletas,Rosuvax E,CAJA X 30 TABLETAS,30,177450,354900,5915.0,https://www.locatelcolombia.com/7707182841645-rosuvax-rosuvastatina-40mg-x-30-tabletas/p,https://locatelcolombia.vteximg.com.br/arquivos/ids/398887-300-300/7707182841645_1_Rosuvax-Rosuvastatina-40mg-X-30-Tabletas.jpg
2026-10-08,Olímpica,ROSUVASTATINA,40 MG,Rosuvastatina AG 40 Mg Caja X 28 Tabletas,American Generics,CAJA X 28 TABLETAS,28,230050,230050,8216.07,https://www.olimpica.com/rosuvastatina-40-mg-caja-x-28-tabletas-american-generics-7706569023124-2072234/p,https://olimpica.vteximg.com.br/arquivos/ids/646100-300-300/7706569023124.jpg
2026-10-08,Locatel,ROSUVASTATINA,40 MG,Crestor 40Mg X 30 Comprimidos,astrazeneca,CAJA X 30 COMPRIMIDOS,30,473550,473550,15785.0,https://www.locatelcolombia.com/7896206406523-crestor-40mg-x-30-comprimidos/p,https://locatelcolombia.vteximg.com.br/arquivos/ids/180495-300-300/7896206406523.png
2026-10-08,Olímpica,ROSUVASTATINA,40 MG,Cardiomax Rosuvastatina 40 Mg Caja X 10 Tabletas,Lafrancol Farma,CAJA X 10 TABLETAS,10,253200,253200,25320.0,https://www.olimpica.com/cardiomax-40-mg-caja-x-10-tabletas-7702870004333-1607741/p,https://olimpica.vteximg.com.br/arquivos/ids/643799-300-300/7702870004333.jpg
2026-10-08,Locatel,SERTRALINA,100 MG,Sertralina 100Mg Caja X 10 Tabletas,Procaps,CAJA X 10 TABLETAS,10,75000,75000,7500.0,https://www.locatelcolombia.com/7703153018740-sertralina-100mg-caja-x-10-tabletas-1/p,https://locatelcolombia.vteximg.com.br/arquivos/ids/184738-300-300/7703153018740-1.png
2026-10-08,Olímpica,SERTRALINA,100 MG,Sertralina 100 Mg Genfar X10 Tabletas,Genfar,CAJA X 10 TABLETAS,10,85950,85950,8595.0,https://www.olimpica.com/sertralina-100mg-caja-x-10-tabletas-genfar-7702605103959-1126112/p,https://olimpica.vteximg.com.br/arquivos/ids/633386-300-300/7702605103959.jpg
2026-10-08,La Rebaja,SERTRALINA,100 MG,SERTRALINA 100 MG (GENFAR),GENFAR,CAJA X 10 TAB,10,89960,94700,8996.0,https://www.larebajavirtual.com/sertralina-100-mg-genfar-47210/p,https://copservir.vteximg.com.br/arquivos/ids/1935496-300-300/SERTRALINA-100-MG--GEN-FAR-_F.png
2026-10-08,Locatel,SERTRALINA,100 MG,Sertralina Mk 100Mg Caja X 30 Tabletas Recubiertas,Mk,CAJA X 30 TABLETAS,30,272250,272250,9075.0,https://www.locatelcolombia.com/7702057712358-sertralina-mk-100mg-caja-x-30-tabletas-recubiertas/p,https://locatelcolombia.vteximg.com.br/arquivos/ids/235741-300-300/7702057712358_1_SERTRALINA-100MG-X-30-TABLETAS.jpg
2026-10-08,Olímpica,SERTRALINA,100 MG,Sertralina 100 Mg MK X30 Tabletas,Mkgenerico,CAJA X 30 TAB,30,300950,300950,10031.67,https://www.olimpica.com/sertralina-100-mg-cj-x-30-tab-mk-7702057712358-2211434/p,https://olimpica.vteximg.com.br/arquivos/ids/717578-300-300/7702057712358.jpg
2026-10-08,Locatel,SERTRALINA,100 MG,Zolof 100Mg Caja X 10 Tabletas Pfizer,Zolof,CAJA X 10 TABLETAS,10,178500,178500,17850.0,https://www.locatelcolombia.com/7703283113025-zolof-100mg-caja-x-10-tabletas-pfizer/p,https://locatelcolombia.vteximg.com.br/arquivos/ids/185315-300-300/7703283113025.png
2026-10-08,La Rebaja,SERTRALINA,50 MG,SERTRALINA 50 MG (COASPHARMA),COASPHARMA,CAJA X 10 TAB,10,35100,35100,3510.0,https://www.larebajavirtual.com/sertralina-50-mg-coaspharma-154042/p,https://copservir.vteximg.com.br/arquivos/ids/1918551-300-300/SERTRALINA-50-MG--COASPHARMA-_F.png
2026-10-08,La Rebaja,SERTRALINA,50 MG,SERTRALINA 50 MG (GENFAR),GENFAR,CAJA X 30 TAB,30,106800,142400,3560.0,https://www.larebajavirtual.com/sertralina-50-mg-genfar-149788/p,https://copservir.vteximg.com.br/arquivos/ids/1935770-300-300/SERTRALINA-50-MG--GENFAR-_F.png
2026-10-08,Olímpica,SERTRALINA,50 MG,SERTRALINA 50 MG CJ X 30 TAB GF,Sin Marca,CAJA X 30 TAB,30,124400,124400,4146.67,https://www.olimpica.com/sertralina-50-mg-cj-x-30-tab-gf/p,https://olimpica.vteximg.com.br/arquivos/ids/1053684-300-300/7702605111367.jpg
2026-10-08,Locatel,SERTRALINA,50 MG,Sertralina Mk 50Mg Caja X 30 Tabletas Recubiertas,Mk,CAJA X 30 TABLETAS,30,135850,135850,4528.33,https://www.locatelcolombia.com/7702057711382-sertralina-mk-50mg-caja-x-30-tabletas-recubiertas/p,https://locatelcolombia.vteximg.com.br/arquivos/ids/235739-300-300/7702057711382_1_SERTRALINA-50MG-X-30-TABLETAS.jpg
2026-10-08,Olímpica,SERTRALINA,50 MG,SERTRALINA 50 MG CJ X 30 TAB AG,Sin Marca,CAJA X 30 TAB,30,136600,136600,4553.33,https://www.olimpica.com/sertralina-50-mg-cj-x-30-tab-ag/p,https://olimpica.vteximg.com.br/arquivos/ids/1155317-300-300/7706569988096.jpg
2026-10-08,Olímpica,SERTRALINA,50 MG,Sertralina 50 Mg La Santé X10 Tabletas,La Sante Genericos,CAJA X 10 TABLETAS,10,46000,46000,4600.0,https://www.olimpica.com/sertralina-50-mg-caja-x-10-tabletas-la-sante-7703763190164-1596575/p,https://olimpica.vteximg.com.br/arquivos/ids/1837266-300-300/7703763190164.jpg.jpg
2026-10-08,Locatel,SERTRALINA,50 MG,Sertralina 50Mg Caja X 10 Tabletas,La Sante,CAJA X 10 TABLETAS,10,46800,46800,4680.0,https://www.locatelcolombia.com/7703763190164-sertralina--50mg-caja-x-10-tabletas/p,https://locatelcolombia.vteximg.com.br/arquivos/ids/188979-300-300/7703763190164.png
2026-10-08,Olímpica,SERTRALINA,50 MG,Sertralina 50 Mg MK X30 Tabletas,Mkgenerico,CAJA X 30 TAB,30,140650,140650,4688.33,https://www.olimpica.com/sertralina-50-mg-cj-x-30-tab-mk-7702057711382-2205707/p,https://olimpica.vteximg.com.br/arquivos/ids/717567-300-300/7702057711382.jpg
2026-10-08,Olímpica,SERTRALINA,50 MG,Sertralina 50 Mg American Generics X10 Tabletas,American Generics,CAJA X 10 TABLETAS,10,46950,46950,4695.0,https://www.olimpica.com/sertralina-50-mg-caja-x-10-tabletas-american-generics-7706569020536-1223576/p,https://olimpica.vteximg.com.br/arquivos/ids/635695-300-300/7706569020536.jpg
2026-10-08,La Rebaja,SERTRALINA,50 MG,SERTRALINA 50 MG (LA SANTE),LA SANTE,CAJA X 10 TAB,10,48800,48800,4880.0,https://www.larebajavirtual.com/sertralina-50-mg-la-sante-47453/p,https://copservir.vteximg.com.br/arquivos/ids/1938748-300-300/SERTRALINA-50-MG--LA-SANTE-_F.png
2026-10-08,La Rebaja,SERTRALINA,50 MG,SERTRALINA 50 MG (MK),MK,CAJA X 30 TAB,30,149400,149400,4980.0,https://www.larebajavirtual.com/sertralina-50-mg-mk-147299/p,https://copservir.vteximg.com.br/arquivos/ids/1983148-300-300/SERTRALINA-50-MG--MK-_F.png
2026-10-08,Locatel,SERTRALINA,50 MG,Zolof 50Mg Caja X 30 Tabletas Recubiertas,Zolof,CAJA X 30 TABLETAS,30,192850,192850,6428.33,https://www.locatelcolombia.com/7703283405953-zolof-50mg-caja-x-30-tabletas-recubiertas-1/p,https://locatelcolombia.vteximg.com.br/arquivos/ids/202513-300-300/7703283405953-ZOLOF-50MG-CAJA-X-30-TABLETAS-RECIBIERTAS.png
2026-10-08,Olímpica,SERTRALINA,50 MG,Zolof Sertralina 50 Mg Pfizer X30 Tabletas,ZOLOF,CAJA X 30 TABLETAS,30,192900,192900,6430.0,https://www.olimpica.com/zolof-50-mg-caja-x-30-tabletas-7703283405953-1367296/p,https://olimpica.vteximg.com.br/arquivos/ids/640141-300-300/7703283405953.jpg
